frame,time_s,pose_lm00_x,pose_lm00_y,pose_lm00_z,pose_lm00_vis,pose_lm01_x,pose_lm01_y,pose_lm01_z,pose_lm01_vis,pose_lm02_x,pose_lm02_y,pose_lm02_z,pose_lm02_vis,pose_lm03_x,pose_lm03_y,pose_lm03_z,pose_lm03_vis,pose_lm04_x,pose_lm04_y,pose_lm04_z,pose_lm04_vis,pose_lm05_x,pose_lm05_y,pose_lm05_z,pose_lm05_vis,pose_lm06_x,pose_lm06_y,pose_lm06_z,pose_lm06_vis,pose_lm07_x,pose_lm07_y,pose_lm07_z,pose_lm07_vis,pose_lm08_x,pose_lm08_y,pose_lm08_z,pose_lm08_vis,pose_lm09_x,pose_lm09_y,pose_lm09_z,pose_lm09_vis,pose_lm10_x,pose_lm10_y,pose_lm10_z,pose_lm10_vis,pose_lm11_x,pose_lm11_y,pose_lm11_z,pose_lm11_vis,pose_lm12_x,pose_lm12_y,pose_lm12_z,pose_lm12_vis,pose_lm13_x,pose_lm13_y,pose_lm13_z,pose_lm13_vis,pose_lm14_x,pose_lm14_y,pose_lm14_z,pose_lm14_vis,pose_lm15_x,pose_lm15_y,pose_lm15_z,pose_lm15_vis,pose_lm16_x,pose_lm16_y,pose_lm16_z,pose_lm16_vis,pose_lm17_x,pose_lm17_y,pose_lm17_z,pose_lm17_vis,pose_lm18_x,pose_lm18_y,pose_lm18_z,pose_lm18_vis,pose_lm19_x,pose_lm19_y,pose_lm19_z,pose_lm19_vis,pose_lm20_x,pose_lm20_y,pose_lm20_z,pose_lm20_vis,pose_lm21_x,pose_lm21_y,pose_lm21_z,pose_lm21_vis,pose_lm22_x,pose_lm22_y,pose_lm22_z,pose_lm22_vis,pose_lm23_x,pose_lm23_y,pose_lm23_z,pose_lm23_vis,pose_lm24_x,pose_lm24_y,pose_lm24_z,pose_lm24_vis,pose_lm25_x,pose_lm25_y,pose_lm25_z,pose_lm25_vis,pose_lm26_x,pose_lm26_y,pose_lm26_z,pose_lm26_vis,pose_lm27_x,pose_lm27_y,pose_lm27_z,pose_lm27_vis,pose_lm28_x,pose_lm28_y,pose_lm28_z,pose_lm28_vis,pose_lm29_x,pose_lm29_y,pose_lm29_z,pose_lm29_vis,pose_lm30_x,pose_lm30_y,pose_lm30_z,pose_lm30_vis,pose_lm31_x,pose_lm31_y,pose_lm31_z,pose_lm31_vis,pose_lm32_x,pose_lm32_y,pose_lm32_z,pose_lm32_vis,left_hand_lm00_x,left_hand_lm00_y,left_hand_lm00_z,left_hand_lm01_x,left_hand_lm01_y,left_hand_lm01_z,left_hand_lm02_x,left_hand_lm02_y,left_hand_lm02_z,left_hand_lm03_x,left_hand_lm03_y,left_hand_lm03_z,left_hand_lm04_x,left_hand_lm04_y,left_hand_lm04_z,left_hand_lm05_x,left_hand_lm05_y,left_hand_lm05_z,left_hand_lm06_x,left_hand_lm06_y,left_hand_lm06_z,left_hand_lm07_x,left_hand_lm07_y,left_hand_lm07_z,left_hand_lm08_x,left_hand_lm08_y,left_hand_lm08_z,left_hand_lm09_x,left_hand_lm09_y,left_hand_lm09_z,left_hand_lm10_x,left_hand_lm10_y,left_hand_lm10_z,left_hand_lm11_x,left_hand_lm11_y,left_hand_lm11_z,left_hand_lm12_x,left_hand_lm12_y,left_hand_lm12_z,left_hand_lm13_x,left_hand_lm13_y,left_hand_lm13_z,left_hand_lm14_x,left_hand_lm14_y,left_hand_lm14_z,left_hand_lm15_x,left_hand_lm15_y,left_hand_lm15_z,left_hand_lm16_x,left_hand_lm16_y,left_hand_lm16_z,left_hand_lm17_x,left_hand_lm17_y,left_hand_lm17_z,left_hand_lm18_x,left_hand_lm18_y,left_hand_lm18_z,left_hand_lm19_x,left_hand_lm19_y,left_hand_lm19_z,left_hand_lm20_x,left_hand_lm20_y,left_hand_lm20_z,right_hand_lm00_x,right_hand_lm00_y,right_hand_lm00_z,right_hand_lm01_x,right_hand_lm01_y,right_hand_lm01_z,right_hand_lm02_x,right_hand_lm02_y,right_hand_lm02_z,right_hand_lm03_x,right_hand_lm03_y,right_hand_lm03_z,right_hand_lm04_x,right_hand_lm04_y,right_hand_lm04_z,right_hand_lm05_x,right_hand_lm05_y,right_hand_lm05_z,right_hand_lm06_x,right_hand_lm06_y,right_hand_lm06_z,right_hand_lm07_x,right_hand_lm07_y,right_hand_lm07_z,right_hand_lm08_x,right_hand_lm08_y,right_hand_lm08_z,right_hand_lm09_x,right_hand_lm09_y,right_hand_lm09_z,right_hand_lm10_x,right_hand_lm10_y,right_hand_lm10_z,right_hand_lm11_x,right_hand_lm11_y,right_hand_lm11_z,right_hand_lm12_x,right_hand_lm12_y,right_hand_lm12_z,right_hand_lm13_x,right_hand_lm13_y,right_hand_lm13_z,right_hand_lm14_x,right_hand_lm14_y,right_hand_lm14_z,right_hand_lm15_x,right_hand_lm15_y,right_hand_lm15_z,right_hand_lm16_x,right_hand_lm16_y,right_hand_lm16_z,right_hand_lm17_x,right_hand_lm17_y,right_hand_lm17_z,right_hand_lm18_x,right_hand_lm18_y,right_hand_lm18_z,right_hand_lm19_x,right_hand_lm19_y,right_hand_lm19_z,right_hand_lm20_x,right_hand_lm20_y,right_hand_lm20_z
0,0.0,0.503246,0.241789,-0.586472,0.9998,0.512678,0.214692,-0.549392,0.9997,0.519921,0.215448,-0.549601,0.9997,0.526375,0.216365,-0.549652,0.9996,0.487794,0.212298,-0.554441,0.9996,0.478388,0.211876,-0.554541,0.9997,0.468613,0.211819,-0.554819,0.9996,0.53397,0.228418,-0.317504,0.9997,0.451336,0.22528,-0.335643,0.9997,0.513939,0.273118,-0.499293,0.9999,0.482459,0.273023,-0.504842,0.9999,0.596384,0.406145,-0.189889,0.9999,0.38223,0.399247,-0.199653,0.9996,0.621138,0.613252,-0.200689,0.9953,0.361113,0.607261,-0.265994,0.9866,0.566005,0.739013,-0.517851,0.98,0.380996,0.711689,-0.651172,0.9605,0.551033,0.793656,-0.614335,0.9408,0.382262,0.744189,-0.740845,0.9128,0.53417,0.774164,-0.644668,0.9483,0.392742,0.730504,-0.787031,0.9277,0.534885,0.758768,-0.536156,0.9543,0.396258,0.720549,-0.677122,0.9337,0.54878,0.796228,0.002268,0.993,0.42757,0.794128,-0.000776,0.9903,0.552227,1.086377,0.015095,0.3353,0.410645,1.032346,0.110267,0.1508,0.548774,1.318084,0.501336,0.0051,0.422825,1.321289,0.530198,0.0055,0.549118,1.35992,0.537117,0.0085,0.418238,1.367387,0.562811,0.0075,0.534342,1.41033,0.298739,0.0038,0.440736,1.406424,0.299565,0.0061,0.572979,0.746092,0.0,0.551299,0.736986,-0.010381,0.532179,0.750164,-0.014817,0.520304,0.770148,-0.01705,0.508803,0.78427,-0.018544,0.544371,0.779847,-0.01618,0.525406,0.803971,-0.023062,0.509793,0.81442,-0.026362,0.497446,0.820906,-0.027775,0.55079,0.793938,-0.012812,0.529389,0.818377,-0.018517,0.51237,0.82605,-0.020227,0.499034,0.827877,-0.020947,0.552873,0.801074,-0.009753,0.533319,0.823244,-0.014425,0.516835,0.829495,-0.015767,0.503653,0.830427,-0.016198,0.552177,0.803961,-0.007467,0.535385,0.821675,-0.011227,0.521534,0.827676,-0.012243,0.510222,0.828823,-0.01232,0.389005,0.704903,-0.0,0.375819,0.701127,-0.014648,0.367162,0.707627,-0.022928,0.367062,0.719221,-0.02965,0.367971,0.731225,-0.035757,0.372784,0.746928,-0.015904,0.376512,0.760237,-0.027541,0.384604,0.757424,-0.035628,0.39186,0.750287,-0.039872,0.3863,0.752068,-0.012959,0.392856,0.765018,-0.024043,0.399191,0.75718,-0.03035,0.402592,0.745747,-0.033119,0.398244,0.750985,-0.011536,0.406928,0.761846,-0.022293,0.412952,0.749399,-0.026545,0.415594,0.734794,-0.027371,0.407825,0.745345,-0.011084,0.416179,0.75453,-0.019831,0.421234,0.745349,-0.02253,0.422922,0.732547,-0.02277
1,0.03333,0.503247,0.241766,-0.551332,0.9998,0.512702,0.214692,-0.51187,0.9997,0.519954,0.215403,-0.512017,0.9997,0.526437,0.216207,-0.51198,0.9996,0.488028,0.212513,-0.520312,0.9996,0.478441,0.212232,-0.520343,0.9997,0.468663,0.212287,-0.520671,0.9996,0.533937,0.228303,-0.270038,0.9997,0.450866,0.22602,-0.305285,0.9997,0.513867,0.273135,-0.460669,0.9999,0.482783,0.273433,-0.470727,0.9999,0.596233,0.405992,-0.120294,0.9999,0.382266,0.398881,-0.193082,0.9996,0.622305,0.612644,-0.090848,0.9954,0.36106,0.60427,-0.28195,0.9874,0.566403,0.73753,-0.381078,0.9808,0.380781,0.708994,-0.67619,0.9632,0.551038,0.793264,-0.469187,0.9435,0.382606,0.743423,-0.76852,0.9184,0.534145,0.772899,-0.504283,0.9506,0.393203,0.728381,-0.810682,0.9325,0.534892,0.756545,-0.400291,0.9561,0.39638,0.718105,-0.699612,0.9379,0.549201,0.798563,0.015979,0.9934,0.427072,0.795792,-0.014575,0.9909,0.552226,1.090477,0.031544,0.358,0.409351,1.033098,0.109518,0.1531,0.549408,1.332847,0.493328,0.006,0.424525,1.334711,0.52508,0.0055,0.550768,1.373822,0.525866,0.0103,0.420797,1.378469,0.556065,0.0077,0.534615,1.421512,0.279063,0.0043,0.442576,1.421249,0.283114,0.006,0.5707,0.748343,0.0,0.550233,0.73711,-0.010493,0.531055,0.750132,-0.01465,0.518717,0.770093,-0.016341,0.507598,0.784123,-0.017299,0.544374,0.7799,-0.018018,0.524837,0.804403,-0.024477,0.509092,0.815109,-0.027043,0.496626,0.821436,-0.027946,0.549921,0.79458,-0.014116,0.528713,0.818852,-0.019273,0.511647,0.826207,-0.020224,0.498404,0.82778,-0.020459,0.551205,0.801698,-0.010355,0.531753,0.824016,-0.01452,0.515481,0.830061,-0.015501,0.502691,0.830934,-0.015735,0.549466,0.80438,-0.007328,0.53263,0.822369,-0.010919,0.518898,0.828219,-0.012003,0.507811,0.829453,-0.012128,0.390859,0.699857,-0.0,0.378539,0.69761,-0.013356,0.368601,0.70508,-0.02002,0.367813,0.717036,-0.025479,0.367794,0.728999,-0.030592,0.37159,0.745653,-0.013782,0.375342,0.760623,-0.024585,0.3843,0.7571,-0.032202,0.391792,0.748413,-0.035971,0.385458,0.749863,-0.011122,0.391748,0.764684,-0.021425,0.399648,0.756757,-0.027193,0.404562,0.745179,-0.029448,0.397948,0.748548,-0.009906,0.405998,0.760817,-0.020122,0.412326,0.748417,-0.023114,0.415349,0.733999,-0.022877,0.408119,0.742428,-0.009631,0.416298,0.753151,-0.017797,0.419992,0.745149,-0.019331,0.420668,0.734393,-0.018543
2,0.06667,0.502008,0.24149,-0.541962,0.9998,0.51245,0.214647,-0.502505,0.9997,0.519766,0.215315,-0.502641,0.9998,0.526318,0.216052,-0.502604,0.9997,0.487652,0.212526,-0.510431,0.9997,0.477891,0.212262,-0.510481,0.9997,0.468142,0.212319,-0.510776,0.9996,0.533929,0.228305,-0.26503,0.9997,0.450592,0.226212,-0.298372,0.9997,0.513036,0.273014,-0.453331,0.9999,0.482166,0.273388,-0.462883,0.9999,0.595698,0.405765,-0.117379,0.9999,0.382401,0.397469,-0.189432,0.9996,0.622272,0.611171,-0.07834,0.9956,0.359833,0.59672,-0.246921,0.9883,0.566438,0.737186,-0.358338,0.9817,0.380776,0.705826,-0.573204,0.9655,0.55093,0.79318,-0.443891,0.9465,0.382986,0.742216,-0.656994,0.9233,0.533984,0.772301,-0.481301,0.9532,0.393876,0.727082,-0.700838,0.9365,0.534823,0.755452,-0.378281,0.9581,0.396895,0.716738,-0.595406,0.9414,0.548628,0.798512,0.020687,0.9937,0.424801,0.795204,-0.01935,0.9914,0.546058,1.090742,0.023371,0.3808,0.40643,1.030221,0.046269,0.1668,0.543448,1.333907,0.451752,0.0073,0.422189,1.334101,0.416328,0.006,0.544813,1.374662,0.48155,0.0122,0.418798,1.377761,0.441637,0.0082,0.529909,1.420869,0.24011,0.005,0.439682,1.420221,0.167399,0.0062,0.570492,0.748539,0.0,0.549959,0.738294,-0.010211,0.530898,0.751301,-0.013856,0.518672,0.770883,-0.015295,0.507965,0.785283,-0.015943,0.542899,0.782707,-0.014873,0.523799,0.806341,-0.020916,0.508343,0.816077,-0.02369,0.496287,0.821162,-0.024722,0.548804,0.796094,-0.011071,0.528632,0.819233,-0.015909,0.512194,0.826028,-0.017238,0.499285,0.827181,-0.017692,0.550557,0.802417,-0.007601,0.532035,0.82368,-0.011584,0.516287,0.829585,-0.012677,0.503555,0.83045,-0.012926,0.549453,0.804655,-0.004919,0.533517,0.822145,-0.008418,0.520037,0.82804,-0.009406,0.508913,0.829153,-0.009383,0.390159,0.697529,-0.0,0.378452,0.696757,-0.013078,0.369437,0.705365,-0.019517,0.369366,0.71766,-0.024824,0.369836,0.729286,-0.029934,0.371751,0.745088,-0.01382,0.376102,0.759023,-0.024778,0.385097,0.754823,-0.032562,0.392944,0.745954,-0.036362,0.385719,0.749228,-0.01125,0.393801,0.762676,-0.021754,0.402053,0.752683,-0.027276,0.40707,0.739797,-0.02923,0.398148,0.74803,-0.010099,0.407124,0.758895,-0.020593,0.413331,0.745241,-0.023072,0.416299,0.729815,-0.022288,0.408308,0.742155,-0.00987,0.416888,0.752924,-0.018256,0.420665,0.744349,-0.019372,0.421741,0.733037,-0.018082
3,0.1,0.500484,0.241417,-0.519627,0.9999,0.512153,0.214643,-0.478845,0.9997,0.519592,0.215306,-0.479003,0.9998,0.526233,0.216033,-0.478935,0.9997,0.486995,0.212578,-0.486161,0.9997,0.477049,0.212338,-0.486212,0.9998,0.467206,0.212409,-0.486532,0.9997,0.533949,0.228616,-0.240232,0.9998,0.449999,0.226631,-0.270179,0.9997,0.512217,0.27315,-0.430911,0.9999,0.481036,0.273545,-0.439608,0.9999,0.595464,0.407504,-0.096889,0.9999,0.382221,0.397404,-0.170144,0.9996,0.622348,0.61233,-0.078562,0.9958,0.359094,0.596717,-0.250672,0.9891,0.566411,0.737188,-0.366672,0.9828,0.380664,0.705655,-0.597979,0.9682,0.550535,0.793308,-0.454067,0.95,0.383234,0.741952,-0.68332,0.929,0.533529,0.772063,-0.487649,0.9563,0.394202,0.7265,-0.731699,0.9412,0.53447,0.754993,-0.385342,0.9607,0.397081,0.716292,-0.623744,0.9457,0.547519,0.801512,0.024397,0.9942,0.422343,0.796194,-0.023072,0.992,0.545772,1.097581,0.013212,0.41,0.406568,1.030941,0.01374,0.1836,0.543243,1.34487,0.448998,0.0082,0.421068,1.342855,0.384032,0.0063,0.544887,1.38586,0.479367,0.0139,0.417562,1.387028,0.409488,0.0088,0.529074,1.431036,0.235416,0.0054,0.438734,1.428416,0.131403,0.0063,0.569876,0.751936,0.0,0.550163,0.739538,-0.010082,0.531044,0.752227,-0.013437,0.518251,0.771928,-0.01458,0.507026,0.786227,-0.014845,0.541997,0.784617,-0.014524,0.521362,0.809212,-0.020024,0.506092,0.818177,-0.022112,0.494721,0.822374,-0.022644,0.547723,0.797834,-0.010469,0.526095,0.821626,-0.015279,0.510033,0.827847,-0.016339,0.49785,0.828426,-0.016379,0.549213,0.804091,-0.006729,0.529718,0.825665,-0.010583,0.514084,0.831437,-0.01167,0.501801,0.83222,-0.01178,0.547869,0.806391,-0.00373,0.53109,0.823835,-0.006972,0.517968,0.829535,-0.007955,0.507324,0.830643,-0.007853,0.390771,0.697241,-0.0,0.378838,0.696109,-0.013032,0.369789,0.704025,-0.019505,0.370066,0.715939,-0.024795,0.370271,0.727233,-0.029826,0.372074,0.74438,-0.013401,0.376328,0.757804,-0.023938,0.385179,0.754219,-0.031419,0.392627,0.745893,-0.035141,0.385931,0.748182,-0.010904,0.392894,0.762459,-0.020867,0.400329,0.753717,-0.026202,0.404643,0.741504,-0.028126,0.398364,0.746119,-0.009793,0.407035,0.757375,-0.02008,0.412721,0.744002,-0.022514,0.415145,0.728867,-0.021766,0.408645,0.738999,-0.009589,0.417422,0.748893,-0.018063,0.420666,0.740038,-0.019197,0.420995,0.728671,-0.017923
4,0.13333,0.499571,0.241369,-0.533238,0.9999,0.511747,0.214635,-0.493514,0.9997,0.519338,0.215269,-0.493678,0.9998,0.526096,0.215946,-0.493637,0.9997,0.48609,0.212642,-0.500745,0.9997,0.475971,0.212415,-0.500798,0.9998,0.465985,0.212506,-0.501107,0.9997,0.533948,0.228576,-0.254284,0.9998,0.449443,0.226914,-0.283969,0.9997,0.511688,0.273167,-0.443991,0.9999,0.480548,0.273766,-0.452526,0.9999,0.59522,0.4071,-0.106552,0.9999,0.382174,0.39741,-0.174001,0.9996,0.62271,0.611075,-0.084656,0.9958,0.357924,0.597021,-0.273202,0.9897,0.566441,0.737031,-0.382351,0.9829,0.381154,0.704959,-0.650105,0.9699,0.550489,0.793329,-0.471416,0.9509,0.384131,0.74073,-0.740188,0.9326,0.533303,0.772015,-0.505624,0.957,0.394715,0.724989,-0.782093,0.9443,0.534291,0.754799,-0.40169,0.961,0.397459,0.714906,-0.672706,0.9482,0.547146,0.801428,0.024361,0.9944,0.422243,0.796262,-0.02305,0.9923,0.544733,1.097845,0.015357,0.4303,0.405988,1.028249,0.01716,0.1908,0.542462,1.342886,0.458665,0.0099,0.420559,1.341648,0.408517,0.0068,0.544127,1.383762,0.491015,0.0161,0.417172,1.385518,0.431766,0.0093,0.528128,1.429644,0.248981,0.0063,0.438443,1.42787,0.164583,0.0066,0.569365,0.752696,0.0,0.549805,0.741343,-0.009899,0.531029,0.753845,-0.013161,0.518322,0.773461,-0.014362,0.507591,0.788404,-0.014603,0.541532,0.786934,-0.01279,0.521411,0.810601,-0.018083,0.506476,0.819113,-0.02029,0.495162,0.82307,-0.020935,0.54725,0.799674,-0.008899,0.526642,0.822525,-0.013332,0.511044,0.828559,-0.014462,0.498892,0.829295,-0.014631,0.54887,0.805563,-0.005449,0.530074,0.826546,-0.009223,0.514884,0.832524,-0.010223,0.502594,0.833804,-0.010276,0.547513,0.807564,-0.00277,0.531313,0.82492,-0.006167,0.518478,0.830808,-0.007165,0.5079,0.832228,-0.007029,0.390989,0.695654,-0.0,0.378781,0.694999,-0.012333,0.369366,0.702595,-0.018529,0.370444,0.713414,-0.023775,0.372792,0.724149,-0.028814,0.37254,0.742969,-0.012755,0.376899,0.756348,-0.023498,0.385736,0.752258,-0.031098,0.39316,0.743106,-0.034718,0.38613,0.746557,-0.010719,0.392846,0.761062,-0.020731,0.39984,0.754025,-0.026284,0.404242,0.742312,-0.028271,0.398425,0.744153,-0.010033,0.408126,0.752745,-0.020744,0.413532,0.737681,-0.023224,0.415587,0.72175,-0.022207,0.408651,0.736698,-0.010196,0.418223,0.744452,-0.018799,0.420839,0.734563,-0.019734,0.420248,0.72315,-0.018204
5,0.16667,0.498352,0.241269,-0.536694,0.9999,0.511331,0.214624,-0.496825,0.9997,0.5191,0.215251,-0.496986,0.9998,0.526006,0.215912,-0.496928,0.9997,0.484827,0.212665,-0.503919,0.9997,0.474648,0.212444,-0.503972,0.9998,0.464561,0.212576,-0.504291,0.9997,0.534077,0.228788,-0.255123,0.9998,0.448866,0.22758,-0.283863,0.9998,0.51117,0.273182,-0.446678,0.9999,0.479345,0.273875,-0.454998,0.9999,0.594841,0.407292,-0.10872,0.9999,0.382089,0.397023,-0.176564,0.9997,0.622501,0.611073,-0.1048,0.9959,0.357383,0.594015,-0.320047,0.9903,0.566444,0.736612,-0.40446,0.9837,0.381266,0.703674,-0.746318,0.972,0.550488,0.793293,-0.496222,0.9535,0.384497,0.739657,-0.842589,0.9369,0.533156,0.771794,-0.529953,0.9593,0.395217,0.724115,-0.879053,0.9479,0.534132,0.754288,-0.423935,0.963,0.397913,0.714071,-0.768301,0.9515,0.546607,0.801356,0.024532,0.9947,0.421103,0.795816,-0.023189,0.9928,0.544933,1.097637,0.026635,0.4428,0.406088,1.024543,0.101703,0.1887,0.544089,1.341516,0.474804,0.0099,0.422137,1.340503,0.539059,0.0066,0.546945,1.382662,0.507671,0.0167,0.419011,1.384536,0.571202,0.0092,0.528473,1.428882,0.256668,0.0064,0.440853,1.426625,0.299428,0.0064,0.569991,0.753811,0.0,0.549441,0.741695,-0.00997,0.530779,0.755246,-0.013151,0.518089,0.775225,-0.01416,0.507175,0.789513,-0.01428,0.542433,0.78813,-0.013978,0.520863,0.812958,-0.018984,0.505838,0.820797,-0.020669,0.494899,0.823792,-0.020908,0.548718,0.800598,-0.009791,0.52609,0.824883,-0.014268,0.510321,0.829723,-0.015202,0.498676,0.828753,-0.015069,0.550615,0.805966,-0.005922,0.530182,0.828243,-0.009551,0.514622,0.832904,-0.01076,0.502766,0.832369,-0.010942,0.54937,0.807493,-0.00275,0.532544,0.825743,-0.005919,0.519691,0.830749,-0.007031,0.509374,0.830922,-0.007014,0.390992,0.692325,-0.0,0.379185,0.691183,-0.012777,0.370042,0.699348,-0.018903,0.371246,0.711294,-0.02394,0.37427,0.721675,-0.028821,0.374308,0.739054,-0.013584,0.377614,0.754392,-0.024174,0.386688,0.750152,-0.031551,0.394038,0.740447,-0.035035,0.387682,0.741857,-0.011247,0.394832,0.757442,-0.021399,0.403436,0.749662,-0.027147,0.408415,0.736565,-0.029255,0.399374,0.739251,-0.010249,0.408867,0.748151,-0.020696,0.415089,0.734568,-0.02378,0.417327,0.718849,-0.023334,0.408933,0.732402,-0.010122,0.418322,0.740848,-0.018349,0.42177,0.731929,-0.019634,0.421754,0.720213,-0.018532
6,0.2,0.497137,0.241293,-0.540715,0.9999,0.510852,0.214664,-0.500833,0.9997,0.51881,0.215267,-0.501017,0.9998,0.525851,0.215917,-0.500968,0.9997,0.483365,0.212951,-0.508212,0.9997,0.473178,0.212784,-0.50828,0.9998,0.463049,0.21315,-0.508592,0.9997,0.534079,0.229016,-0.261368,0.9998,0.448406,0.22859,-0.287371,0.9998,0.510716,0.273466,-0.451321,0.9999,0.478241,0.274543,-0.459216,0.9999,0.595193,0.407283,-0.117742,0.9999,0.382062,0.396027,-0.178173,0.9997,0.622153,0.611069,-0.105501,0.9959,0.357263,0.592121,-0.321406,0.9906,0.566312,0.736429,-0.387924,0.9838,0.381449,0.703024,-0.749515,0.9734,0.550498,0.793291,-0.474652,0.9537,0.384988,0.737883,-0.84901,0.9396,0.533062,0.771797,-0.510217,0.9595,0.395303,0.722388,-0.885616,0.9501,0.5339,0.754223,-0.407165,0.9629,0.397985,0.712308,-0.772325,0.9534,0.546514,0.800943,0.023789,0.9949,0.420675,0.795487,-0.022483,0.9931,0.5462,1.09668,0.049414,0.4386,0.406443,1.020182,0.158096,0.1808,0.54626,1.341176,0.500632,0.0098,0.4237,1.339862,0.6243,0.0063,0.549021,1.382302,0.533742,0.0167,0.420928,1.383665,0.660914,0.0089,0.529278,1.428153,0.277007,0.0064,0.442078,1.426229,0.388789,0.0061,0.569203,0.753969,0.0,0.549123,0.743316,-0.009978,0.530933,0.756666,-0.013236,0.518346,0.776007,-0.014327,0.507541,0.790172,-0.014465,0.542295,0.789357,-0.013384,0.521033,0.813604,-0.018263,0.506215,0.821384,-0.020065,0.495275,0.824632,-0.020515,0.547938,0.801931,-0.009267,0.525716,0.825523,-0.013461,0.510162,0.830339,-0.01445,0.498536,0.829443,-0.014524,0.549335,0.807461,-0.005515,0.52922,0.828662,-0.00888,0.51399,0.832994,-0.0101,0.502328,0.832304,-0.010447,0.547451,0.809061,-0.002516,0.530804,0.826336,-0.005596,0.518193,0.830932,-0.006752,0.508091,0.830888,-0.006868,0.39089,0.688384,-0.0,0.379807,0.687431,-0.012921,0.371187,0.695484,-0.019596,0.372046,0.706696,-0.025077,0.375098,0.715923,-0.030496,0.375028,0.735274,-0.014352,0.379793,0.749882,-0.025132,0.389523,0.746233,-0.032682,0.397082,0.737107,-0.03642,0.388766,0.738449,-0.01213,0.396897,0.751972,-0.022231,0.405682,0.743674,-0.027826,0.410663,0.730881,-0.029953,0.400728,0.735273,-0.011232,0.411018,0.741271,-0.021456,0.416995,0.727834,-0.024373,0.419204,0.712923,-0.024064,0.410034,0.727259,-0.011256,0.419723,0.732113,-0.019336,0.422429,0.722291,-0.020625,0.421754,0.710898,-0.019684
7,0.23333,0.495753,0.241586,-0.54128,0.9999,0.509924,0.214929,-0.502818,0.9998,0.518085,0.215484,-0.502922,0.9998,0.525442,0.216122,-0.502874,0.9997,0.481958,0.213432,-0.508468,0.9998,0.471811,0.213299,-0.508612,0.9998,0.461799,0.213881,-0.508931,0.9997,0.534072,0.229494,-0.265829,0.9998,0.448144,0.229431,-0.290193,0.9998,0.509975,0.273969,-0.45149,0.9999,0.477266,0.275222,-0.460988,0.9999,0.595177,0.406595,-0.119245,0.9999,0.381989,0.395624,-0.178766,0.9997,0.622425,0.610305,-0.108959,0.9958,0.356653,0.590043,-0.310819,0.9909,0.56654,0.733847,-0.389082,0.9837,0.381454,0.700344,-0.722669,0.9742,0.550842,0.791721,-0.475887,0.9533,0.385484,0.732447,-0.81858,0.9412,0.533068,0.770542,-0.509884,0.959,0.395569,0.715484,-0.856578,0.9513,0.533899,0.752653,-0.407423,0.9622,0.398046,0.704887,-0.74544,0.9542,0.547462,0.800561,0.022593,0.995,0.422205,0.795483,-0.021191,0.9932,0.549512,1.094747,0.044294,0.4239,0.412672,1.020198,0.15488,0.1713,0.550431,1.338282,0.49407,0.0097,0.426435,1.337025,0.598615,0.0062,0.552557,1.379048,0.525165,0.0165,0.423642,1.380144,0.633021,0.0087,0.533305,1.427002,0.264904,0.0064,0.444865,1.424432,0.359555,0.0061,0.568815,0.753903,0.0,0.548424,0.745531,-0.009477,0.530719,0.759098,-0.012728,0.518292,0.777506,-0.014049,0.507563,0.791401,-0.014476,0.542323,0.790556,-0.012638,0.521438,0.815255,-0.017752,0.506617,0.822949,-0.019882,0.49581,0.825545,-0.02044,0.548154,0.80207,-0.008874,0.526466,0.826147,-0.013292,0.510809,0.83136,-0.014648,0.499084,0.830438,-0.014955,0.549968,0.807297,-0.005479,0.530142,0.828652,-0.00888,0.514968,0.833511,-0.010193,0.503112,0.833113,-0.010586,0.548626,0.809129,-0.002807,0.532271,0.826375,-0.005781,0.519571,0.83147,-0.00684,0.509295,0.831665,-0.006876,0.389356,0.680131,-0.0,0.379812,0.68026,-0.013404,0.374323,0.688573,-0.020191,0.377037,0.698924,-0.025718,0.381939,0.707983,-0.031292,0.375867,0.72785,-0.014804,0.381599,0.740892,-0.025745,0.39066,0.737339,-0.033423,0.397195,0.728906,-0.037247,0.389541,0.730537,-0.012349,0.398976,0.742728,-0.023024,0.407742,0.732518,-0.028484,0.411849,0.718396,-0.030177,0.401776,0.726463,-0.011285,0.413314,0.731001,-0.022381,0.418934,0.715401,-0.025235,0.420214,0.699048,-0.024406,0.41113,0.717562,-0.011144,0.421374,0.720631,-0.01991,0.423268,0.709612,-0.021286,0.4216,0.697446,-0.02014
8,0.26667,0.494383,0.241675,-0.543258,0.9999,0.508867,0.215091,-0.504862,0.9998,0.517243,0.215641,-0.504979,0.9998,0.524904,0.216304,-0.504935,0.9998,0.480544,0.21365,-0.510223,0.9998,0.470451,0.213509,-0.510321,0.9998,0.460659,0.214179,-0.51064,0.9998,0.534063,0.230014,-0.267961,0.9998,0.447873,0.229815,-0.288754,0.9998,0.509193,0.274345,-0.453887,0.9999,0.476023,0.275581,-0.461658,0.9999,0.595288,0.406611,-0.123266,0.9999,0.381943,0.396183,-0.178184,0.9997,0.623439,0.610539,-0.111589,0.9959,0.357977,0.592103,-0.307192,0.9912,0.566656,0.733516,-0.386786,0.984,0.385318,0.698773,-0.724119,0.9754,0.551094,0.791572,-0.470584,0.954,0.388308,0.724203,-0.819547,0.9436,0.533066,0.770377,-0.501034,0.9595,0.396555,0.705042,-0.856002,0.9532,0.533898,0.752363,-0.403308,0.9627,0.399032,0.695884,-0.746563,0.956,0.54839,0.800666,0.022357,0.9951,0.42373,0.796689,-0.020904,0.9934,0.556497,1.094605,0.043994,0.4158,0.415737,1.020302,0.140234,0.163,0.560036,1.338055,0.499294,0.0093,0.431128,1.337719,0.571235,0.0059,0.563615,1.379105,0.531998,0.0163,0.428897,1.382054,0.604121,0.0085,0.540664,1.428338,0.277483,0.0063,0.450161,1.424736,0.332584,0.0058,0.567667,0.754155,0.0,0.547639,0.747354,-0.008493,0.530298,0.761845,-0.011193,0.518482,0.779443,-0.012209,0.508416,0.793066,-0.012277,0.541688,0.793256,-0.010659,0.521463,0.817353,-0.01554,0.506915,0.824595,-0.017734,0.496404,0.826396,-0.018282,0.547638,0.804037,-0.007292,0.526521,0.827321,-0.011464,0.51121,0.832036,-0.012792,0.499764,0.830623,-0.012989,0.549573,0.808847,-0.004296,0.530079,0.829447,-0.007394,0.515181,0.834105,-0.008388,0.50365,0.833657,-0.0085,0.548466,0.810273,-0.002002,0.532098,0.827049,-0.00457,0.519478,0.831885,-0.005176,0.509438,0.831999,-0.004845,0.388365,0.681293,-0.0,0.376301,0.682191,-0.015596,0.374388,0.686705,-0.024514,0.383855,0.689201,-0.031199,0.391594,0.689276,-0.037564,0.384524,0.71812,-0.020117,0.393707,0.726237,-0.031983,0.40266,0.723,-0.039924,0.408245,0.715988,-0.044302,0.398988,0.716885,-0.016565,0.41074,0.718194,-0.02751,0.414993,0.703781,-0.032126,0.413818,0.690297,-0.033661,0.408879,0.710251,-0.01439,0.41996,0.709058,-0.024833,0.420761,0.694483,-0.026568,0.417102,0.682555,-0.025566,0.414611,0.701021,-0.01324,0.423532,0.700162,-0.021488,0.424958,0.690297,-0.022608,0.422086,0.681391,-0.021505
9,0.3,0.492979,0.241671,-0.567699,0.9999,0.507888,0.215086,-0.531607,0.9998,0.51643,0.215635,-0.531668,0.9998,0.524328,0.216302,-0.531634,0.9998,0.479319,0.213656,-0.534504,0.9998,0.469128,0.213513,-0.534504,0.9998,0.459387,0.21418,-0.534833,0.9998,0.534072,0.23009,-0.296711,0.9998,0.44741,0.229827,-0.305103,0.9998,0.508315,0.274441,-0.478743,1.0,0.474759,0.27569,-0.481818,0.9999,0.595667,0.406279,-0.152256,0.9999,0.38187,0.396355,-0.18771,0.9997,0.623479,0.61065,-0.124737,0.9955,0.358922,0.593334,-0.322545,0.991,0.566682,0.732968,-0.392561,0.9832,0.388058,0.697403,-0.744345,0.9755,0.551214,0.79123,-0.476495,0.9505,0.390747,0.717383,-0.840713,0.9431,0.533043,0.769983,-0.506104,0.9562,0.397278,0.692658,-0.876416,0.9527,0.533867,0.751907,-0.408676,0.9595,0.399539,0.684064,-0.766854,0.9552,0.549359,0.800006,0.018064,0.995,0.424627,0.796649,-0.016441,0.9933,0.559573,1.092706,0.067354,0.3963,0.419053,1.018638,0.197869,0.1515,0.562889,1.333534,0.530305,0.009,0.431069,1.336279,0.667282,0.0057,0.56583,1.375291,0.564232,0.0162,0.428936,1.381696,0.704866,0.0082,0.542258,1.428193,0.304546,0.0062,0.449816,1.424513,0.433204,0.0057,0.566003,0.751879,0.0,0.546046,0.746474,-0.009257,0.52973,0.761526,-0.012651,0.518753,0.779991,-0.014213,0.508605,0.793964,-0.014851,0.542662,0.793352,-0.011973,0.522366,0.817625,-0.01731,0.507392,0.825402,-0.019797,0.496434,0.828225,-0.02053,0.548622,0.803557,-0.008462,0.527293,0.82743,-0.013055,0.511564,0.832809,-0.014532,0.499811,0.83239,-0.014793,0.550461,0.807892,-0.005352,0.531001,0.829327,-0.008782,0.515759,0.834813,-0.009814,0.503928,0.835144,-0.009901,0.549267,0.809035,-0.00299,0.533301,0.826959,-0.005738,0.520654,0.832459,-0.006355,0.510533,0.833011,-0.006014,0.384515,0.707589,-0.0,0.392131,0.701292,0.002084,0.400937,0.69902,0.001867,0.407182,0.699856,0.000802,0.411403,0.701053,1.6e-05,0.408995,0.70038,0.002493,0.412952,0.703351,4.6e-05,0.409599,0.704469,-0.00234,0.406225,0.703341,-0.003517,0.408399,0.705912,0.000128,0.411924,0.709453,-0.00089,0.408533,0.710434,-0.001848,0.404853,0.709467,-0.002414,0.406754,0.712033,-0.002339,0.409902,0.71535,-0.002597,0.406675,0.715797,-0.001704,0.403477,0.714821,-0.001114,0.404107,0.718157,-0.004819,0.407384,0.720868,-0.004274,0.404642,0.720691,-0.00247,0.401846,0.719951,-0.001003
10,0.33333,0.491477,0.241733,-0.568978,0.9999,0.50651,0.21509,-0.5331,0.9998,0.514954,0.215635,-0.533146,0.9999,0.523094,0.216301,-0.53309,0.9998,0.478044,0.213703,-0.536557,0.9998,0.467892,0.213561,-0.536515,0.9998,0.458335,0.21426,-0.536824,0.9998,0.533624,0.230134,-0.298208,0.9998,0.447071,0.229921,-0.309268,0.9998,0.507084,0.274691,-0.480311,1.0,0.473778,0.275927,-0.483804,1.0,0.595273,0.406702,-0.153781,0.9999,0.381866,0.396359,-0.193266,0.9997,0.623207,0.610853,-0.124396,0.9955,0.358858,0.593631,-0.33348,0.9912,0.566568,0.732352,-0.383103,0.9836,0.389589,0.68356,-0.745883,0.9764,0.551252,0.790878,-0.464571,0.9513,0.395999,0.702645,-0.839188,0.9445,0.532998,0.769571,-0.494202,0.9569,0.401886,0.675145,-0.872366,0.9538,0.533814,0.751109,-0.398414,0.9599,0.402561,0.666833,-0.766587,0.9559,0.549092,0.800863,0.017989,0.995,0.424621,0.798617,-0.016336,0.9932,0.559315,1.092659,0.058753,0.3809,0.41925,1.018871,0.174525,0.1422,0.561704,1.333475,0.511509,0.0088,0.430914,1.336237,0.619466,0.0056,0.564388,1.375118,0.541224,0.0162,0.428674,1.381517,0.654053,0.0081,0.541748,1.427901,0.275761,0.0062,0.448939,1.424237,0.381767,0.0056,0.566936,0.754014,0.0,0.545959,0.747142,-0.00945,0.52887,0.761635,-0.013059,0.517944,0.780602,-0.014816,0.507831,0.795621,-0.015597,0.542256,0.793521,-0.012497,0.521447,0.818974,-0.018091,0.506392,0.826726,-0.020534,0.495812,0.828662,-0.021116,0.548492,0.803526,-0.008982,0.52646,0.829011,-0.014283,0.510574,0.834118,-0.015997,0.499407,0.832538,-0.016208,0.550292,0.807716,-0.005862,0.530144,0.830487,-0.009944,0.514767,0.835478,-0.011279,0.503564,0.83483,-0.011393,0.54899,0.808811,-0.003449,0.532326,0.827613,-0.006786,0.519434,0.83268,-0.007766,0.509496,0.832318,-0.007563,,,,,,,,,,,,,,,,,,,,,,,,,,,,,,,,,,,,,,,,,,,,,,,,,,,,,,,,,,,,,,,
11,0.36667,0.490301,0.241943,-0.595064,0.9999,0.505283,0.215141,-0.562142,0.9998,0.51373,0.21565,-0.562157,0.9999,0.521862,0.216306,-0.562096,0.9998,0.477058,0.213879,-0.566612,0.9998,0.466966,0.213751,-0.566566,0.9999,0.457583,0.214483,-0.566858,0.9998,0.533013,0.230131,-0.329888,0.9998,0.446847,0.230044,-0.34687,0.9998,0.506057,0.274959,-0.506127,1.0,0.473215,0.276235,-0.510946,1.0,0.595291,0.40658,-0.170478,0.9999,0.381922,0.396774,-0.222923,0.9997,0.623329,0.610793,-0.119196,0.9952,0.358857,0.59957,-0.354036,0.9914,0.566433,0.731845,-0.3529,0.9831,0.392659,0.672323,-0.75765,0.977,0.551126,0.790542,-0.427027,0.9494,0.403909,0.686528,-0.848344,0.9452,0.532515,0.76947,-0.456989,0.9551,0.407811,0.655169,-0.878823,0.9543,0.533494,0.750495,-0.36697,0.9577,0.406662,0.648334,-0.776413,0.9559,0.549195,0.801441,0.017916,0.9946,0.425074,0.800587,-0.016259,0.9927,0.560357,1.091931,0.060657,0.3692,0.421999,1.019105,0.179057,0.1344,0.562634,1.331791,0.509505,0.0092,0.43249,1.336196,0.623836,0.0057,0.56485,1.372692,0.541027,0.017,0.430152,1.381236,0.659362,0.0082,0.543891,1.42763,0.275689,0.0065,0.449503,1.423972,0.391112,0.0058,0.565668,0.753887,0.0,0.544933,0.747697,-0.008584,0.527658,0.762833,-0.011422,0.516678,0.781498,-0.012532,0.507096,0.79635,-0.012579,0.540693,0.79529,-0.010695,0.51955,0.819282,-0.015448,0.504575,0.826201,-0.017355,0.494329,0.827839,-0.017658,0.546607,0.805285,-0.007331,0.524332,0.829316,-0.011994,0.508668,0.833433,-0.013252,0.497871,0.831737,-0.013125,0.548316,0.809485,-0.004328,0.528142,0.831189,-0.00774,0.513002,0.835309,-0.008584,0.502043,0.834607,-0.008376,0.547063,0.810436,-0.002009,0.530418,0.828763,-0.004596,0.517635,0.833581,-0.005099,0.507938,0.833112,-0.004589,,,,,,,,,,,,,,,,,,,,,,,,,,,,,,,,,,,,,,,,,,,,,,,,,,,,,,,,,,,,,,,
12,0.4,0.489578,0.241955,-0.592635,0.9999,0.504478,0.215138,-0.560021,0.9998,0.512776,0.215632,-0.56003,0.9999,0.520914,0.216281,-0.559975,0.9998,0.476385,0.21395,-0.564343,0.9998,0.466225,0.213873,-0.564283,0.9999,0.45687,0.214683,-0.564544,0.9998,0.532492,0.230134,-0.329545,0.9999,0.446479,0.23022,-0.345688,0.9999,0.5055,0.275066,-0.504707,1.0,0.472582,0.276429,-0.509227,1.0,0.595047,0.406609,-0.182616,0.9999,0.381533,0.397566,-0.224139,0.9998,0.624052,0.610745,-0.131069,0.9951,0.35889,0.607191,-0.376155,0.9915,0.566427,0.731416,-0.367801,0.983,0.393391,0.658348,-0.805996,0.9775,0.551004,0.790101,-0.448538,0.949,0.40899,0.667787,-0.899961,0.9459,0.532463,0.769196,-0.479201,0.9546,0.410933,0.634087,-0.92512,0.9545,0.53348,0.74985,-0.383834,0.9571,0.408362,0.62916,-0.823428,0.9558,0.548819,0.804748,0.0164,0.9944,0.424157,0.807091,-0.014707,0.9924,0.559872,1.092675,0.058565,0.3524,0.421679,1.025859,0.22454,0.126,0.561489,1.331925,0.493437,0.0091,0.432444,1.336387,0.704504,0.0055,0.562621,1.3727,0.52235,0.0169,0.429838,1.381074,0.744394,0.0079,0.543672,1.427793,0.259022,0.0065,0.448272,1.424597,0.477407,0.0056,0.564829,0.754068,0.0,0.543761,0.747123,-0.008517,0.526349,0.76195,-0.011477,0.515594,0.781084,-0.012833,0.505916,0.796085,-0.013166,0.538549,0.794864,-0.010637,0.517752,0.819603,-0.015599,0.503028,0.826232,-0.017689,0.493122,0.827417,-0.018066,0.544902,0.804931,-0.007427,0.522649,0.829852,-0.012113,0.507115,0.833612,-0.013473,0.496808,0.831243,-0.013434,0.547019,0.809199,-0.00461,0.526791,0.831873,-0.008116,0.511528,0.83589,-0.009115,0.500788,0.83479,-0.009021,0.546211,0.81026,-0.002458,0.529172,0.829313,-0.005175,0.516142,0.83393,-0.00578,0.506585,0.833082,-0.005355,0.393961,0.641031,0.0,0.411161,0.646772,-0.006362,0.428092,0.640378,-0.011122,0.439816,0.627767,-0.014625,0.444922,0.613287,-0.018962,0.418891,0.645419,-0.017686,0.428759,0.629373,-0.02572,0.4349,0.616267,-0.030838,0.437364,0.607291,-0.033841,0.408853,0.633946,-0.017536,0.415444,0.615659,-0.024765,0.417397,0.611457,-0.027029,0.41561,0.61331,-0.028659,0.399167,0.622452,-0.017204,0.406804,0.604323,-0.022961,0.408944,0.604042,-0.021418,0.407797,0.608772,-0.020163,0.390524,0.612331,-0.017197,0.396382,0.597592,-0.021897,0.399176,0.597299,-0.020538,0.399641,0.601433,-0.01907
13,0.43333,0.488189,0.242158,-0.590602,0.9999,0.503192,0.215251,-0.55923,0.9998,0.511499,0.215697,-0.55922,0.9999,0.519606,0.216324,-0.559174,0.9998,0.475007,0.214145,-0.562298,0.9998,0.464814,0.214099,-0.56221,0.9999,0.455735,0.214929,-0.562447,0.9998,0.532014,0.230137,-0.331478,0.9999,0.446324,0.230283,-0.34165,0.9999,0.50451,0.275168,-0.503281,1.0,0.471545,0.276655,-0.50635,1.0,0.595299,0.406128,-0.187972,0.9999,0.382056,0.397568,-0.221321,0.9998,0.624008,0.608755,-0.143912,0.9951,0.360308,0.607824,-0.397317,0.9917,0.565884,0.731419,-0.374873,0.9834,0.39919,0.633353,-0.846002,0.9787,0.549984,0.790133,-0.457417,0.9498,0.417674,0.638891,-0.9422,0.9486,0.531494,0.769185,-0.488058,0.9552,0.418824,0.608694,-0.960543,0.9566,0.532732,0.7497,-0.391818,0.9574,0.41555,0.602226,-0.861074,0.9575,0.549287,0.804283,0.012638,0.9942,0.424282,0.805928,-0.010952,0.9922,0.551771,1.029363,0.057421,0.3384,0.4213,1.025356,0.213212,0.1202,0.557799,1.326904,0.476566,0.0089,0.431874,1.326805,0.671863,0.0053,0.558135,1.36662,0.504046,0.0164,0.428973,1.368398,0.709481,0.0076,0.541465,1.421174,0.244086,0.0064,0.446874,1.415969,0.443375,0.0054,0.561893,0.754552,0.0,0.541457,0.748662,-0.00803,0.524377,0.763531,-0.010817,0.513378,0.782094,-0.012022,0.503758,0.796609,-0.012178,0.537268,0.795535,-0.010714,0.515757,0.819516,-0.015511,0.500806,0.825875,-0.017292,0.490727,0.827201,-0.017484,0.542874,0.805972,-0.007681,0.520104,0.830465,-0.012235,0.50458,0.833874,-0.013289,0.494359,0.831426,-0.013079,0.544353,0.810565,-0.004958,0.523845,0.833137,-0.008305,0.508657,0.836438,-0.009088,0.498047,0.834766,-0.008895,0.542939,0.811737,-0.002858,0.525945,0.830614,-0.005439,0.512933,0.834923,-0.005945,0.503383,0.833792,-0.005481,0.398122,0.632328,0.0,0.412222,0.633221,-0.00364,0.427835,0.623383,-0.007313,0.436776,0.609947,-0.010416,0.440543,0.595648,-0.01453,0.429102,0.625033,-0.014151,0.44001,0.608382,-0.020438,0.446766,0.595154,-0.024425,0.452006,0.584153,-0.027206,0.419806,0.619164,-0.01558,0.427233,0.602397,-0.02143,0.429047,0.591683,-0.023708,0.429684,0.584612,-0.025509,0.408881,0.612921,-0.016601,0.415243,0.596149,-0.021587,0.416218,0.588061,-0.020726,0.416601,0.583836,-0.019932,0.398058,0.606348,-0.017678,0.404331,0.593527,-0.02212,0.406541,0.586874,-0.021241,0.407555,0.582961,-0.020003
14,0.46667,0.487193,0.242824,-0.587299,0.9999,0.501839,0.215863,-0.555151,0.9999,0.51023,0.216095,-0.555147,0.9999,0.518183,0.216557,-0.555096,0.9998,0.473803,0.21515,-0.557985,0.9999,0.463686,0.215217,-0.557929,0.9999,0.454934,0.216024,-0.558188,0.9998,0.531514,0.230137,-0.329761,0.9999,0.446304,0.230597,-0.340084,0.9999,0.503884,0.27538,-0.499478,1.0,0.471234,0.277448,-0.505663,1.0,0.595313,0.404785,-0.191391,0.9999,0.383209,0.397312,-0.211873,0.9998,0.624167,0.608776,-0.153144,0.9951,0.360237,0.607612,-0.391,0.992,0.564995,0.733718,-0.376071,0.9836,0.400904,0.620831,-0.862995,0.9801,0.547611,0.791499,-0.461794,0.9502,0.422104,0.625237,-0.962137,0.9516,0.52971,0.769801,-0.492581,0.9556,0.422525,0.587883,-0.979722,0.9589,0.531591,0.750278,-0.394518,0.9575,0.418578,0.581748,-0.878549,0.9595,0.549368,0.804385,0.004506,0.9938,0.424994,0.805559,-0.00277,0.9916,0.549367,1.02011,0.062377,0.3149,0.421743,1.025338,0.221165,0.112,0.557073,1.325595,0.464051,0.0084,0.431647,1.325604,0.661365,0.0049,0.557273,1.364417,0.489305,0.0154,0.428735,1.366905,0.697402,0.0071,0.540644,1.420012,0.225303,0.006,0.445152,1.414061,0.426159,0.0051,0.559129,0.754856,0.0,0.538028,0.74823,-0.007624,0.521712,0.763052,-0.010173,0.51158,0.782052,-0.011205,0.501973,0.79651,-0.011132,0.53528,0.796359,-0.009855,0.512677,0.820948,-0.013986,0.497949,0.825944,-0.015355,0.488794,0.825734,-0.015286,0.541368,0.806431,-0.006807,0.517437,0.830713,-0.010528,0.502185,0.832511,-0.011133,0.493059,0.829073,-0.010737,0.543134,0.810611,-0.004057,0.521399,0.833047,-0.006837,0.506421,0.835034,-0.007198,0.496944,0.832697,-0.006856,0.541815,0.811717,-0.001874,0.52387,0.830685,-0.004202,0.511037,0.833917,-0.004385,0.50238,0.832129,-0.003732,0.401416,0.607722,-0.0,0.420905,0.611273,-0.00452,0.438755,0.597151,-0.007313,0.450822,0.580196,-0.009147,0.458984,0.566049,-0.011242,0.424539,0.594136,-0.010086,0.428514,0.57169,-0.01494,0.429928,0.56535,-0.018395,0.429755,0.562484,-0.020132,0.412105,0.586158,-0.009695,0.419229,0.560232,-0.013173,0.422093,0.557959,-0.015158,0.422015,0.561677,-0.016874,0.40217,0.579552,-0.009217,0.410844,0.555939,-0.012347,0.413502,0.555338,-0.011766,0.413616,0.559449,-0.011372,0.395013,0.573943,-0.008833,0.402358,0.554033,-0.011069,0.404522,0.554325,-0.009218,0.404096,0.559027,-0.007671
15,0.5,0.48614,0.244629,-0.618831,0.9999,0.50033,0.217055,-0.594387,0.9999,0.508724,0.217082,-0.594338,0.9999,0.516286,0.217301,-0.594278,0.9998,0.472756,0.216654,-0.592728,0.9999,0.462872,0.216783,-0.592573,0.9999,0.454357,0.217425,-0.592749,0.9999,0.530262,0.23017,-0.376206,0.9999,0.446285,0.231098,-0.364973,0.9999,0.502774,0.276539,-0.53346,1.0,0.470802,0.279069,-0.530538,1.0,0.595082,0.399111,-0.228721,0.9999,0.383985,0.397263,-0.218042,0.9998,0.624231,0.60706,-0.177769,0.9951,0.360167,0.614157,-0.397211,0.9924,0.564397,0.73463,-0.401919,0.9838,0.405208,0.60645,-0.878428,0.9817,0.546324,0.792306,-0.479511,0.9512,0.425744,0.608269,-0.977159,0.9552,0.528643,0.770464,-0.512654,0.9564,0.425653,0.56867,-0.992478,0.9618,0.530788,0.751013,-0.417491,0.9581,0.421809,0.563695,-0.892467,0.9622,0.549714,0.804249,-0.001278,0.9935,0.425409,0.805411,0.002909,0.9913,0.549464,1.014728,0.060873,0.2971,0.421538,1.025138,0.22997,0.1061,0.555738,1.320133,0.45553,0.0081,0.431693,1.320248,0.670835,0.0047,0.555884,1.356782,0.480634,0.0147,0.428763,1.359824,0.707374,0.0067,0.540055,1.41341,0.21798,0.0057,0.444719,1.408197,0.438316,0.0048,0.560206,0.755076,0.0,0.538952,0.747424,-0.008254,0.521445,0.761555,-0.011134,0.510953,0.780773,-0.012299,0.501124,0.795399,-0.012412,0.534284,0.795855,-0.01123,0.51154,0.820548,-0.015585,0.496663,0.82587,-0.017034,0.487279,0.825961,-0.01703,0.540727,0.806067,-0.007942,0.516724,0.830523,-0.012014,0.501252,0.832509,-0.012667,0.491789,0.828918,-0.012246,0.542739,0.810313,-0.004923,0.521024,0.832844,-0.00792,0.505997,0.835159,-0.008205,0.496251,0.832985,-0.007786,0.541816,0.811444,-0.002513,0.523905,0.83035,-0.004902,0.511108,0.834017,-0.005013,0.502274,0.832583,-0.004281,0.423013,0.56596,0.0,0.434913,0.575077,-0.007524,0.446782,0.573845,-0.013642,0.457924,0.562398,-0.018083,0.464894,0.548375,-0.022759,0.417691,0.592812,-0.022476,0.430294,0.578109,-0.031158,0.440808,0.566234,-0.036228,0.44555,0.557511,-0.038971,0.407317,0.580344,-0.022487,0.430745,0.555628,-0.031452,0.437009,0.551278,-0.033541,0.434334,0.553036,-0.034578,0.402399,0.565295,-0.021799,0.425842,0.541845,-0.029061,0.4299,0.541747,-0.026307,0.426823,0.546024,-0.023562,0.401601,0.549556,-0.02141,0.418641,0.533399,-0.025213,0.422024,0.534077,-0.021962,0.419332,0.538355,-0.01962
16,0.53333,0.485562,0.245161,-0.610373,0.9999,0.499466,0.217415,-0.579591,0.9999,0.507976,0.217316,-0.5796,0.9999,0.515417,0.217434,-0.579554,0.9999,0.472219,0.217407,-0.582053,0.9999,0.462441,0.2177,-0.582022,0.9999,0.454159,0.218345,-0.582306,0.9999,0.529517,0.230188,-0.355518,0.9999,0.446271,0.232001,-0.360552,0.9999,0.502324,0.276858,-0.521817,1.0,0.47063,0.279669,-0.525617,1.0,0.595074,0.399309,-0.213159,0.9999,0.385185,0.397621,-0.21255,0.9998,0.623949,0.608116,-0.169599,0.9951,0.359549,0.618817,-0.405258,0.9928,0.563401,0.736188,-0.397245,0.9841,0.407919,0.594281,-0.892013,0.9831,0.54537,0.793096,-0.471041,0.9522,0.428037,0.595968,-0.99238,0.9583,0.527921,0.770984,-0.505287,0.9572,0.427785,0.549708,-1.001542,0.9643,0.530167,0.751731,-0.412294,0.9587,0.424126,0.5461,-0.904181,0.9644,0.549869,0.805304,-0.001366,0.9935,0.425396,0.805401,0.002948,0.9913,0.550074,1.016495,0.071737,0.2858,0.421381,1.025073,0.237019,0.1033,0.553603,1.320398,0.460914,0.0079,0.431647,1.320769,0.679187,0.0045,0.553842,1.357325,0.486589,0.0141,0.428738,1.36046,0.715918,0.0064,0.53871,1.412813,0.224134,0.0056,0.444098,1.408754,0.446263,0.0047,0.560005,0.755422,0.0,0.538374,0.747631,-0.00838,0.520367,0.761962,-0.011092,0.50959,0.781858,-0.012033,0.499634,0.796758,-0.011918,0.534121,0.794939,-0.011433,0.512205,0.820199,-0.015927,0.49736,0.826409,-0.017407,0.487583,0.82751,-0.017438,0.540347,0.805851,-0.008067,0.517399,0.830577,-0.012081,0.502136,0.833531,-0.012747,0.492308,0.830895,-0.012448,0.542145,0.810608,-0.004985,0.521212,0.833142,-0.008023,0.506328,0.835988,-0.008474,0.496284,0.834112,-0.008199,0.540951,0.812057,-0.002516,0.523742,0.831046,-0.004998,0.510978,0.83524,-0.005322,0.501821,0.834276,-0.00479,0.427941,0.568755,-0.0,0.417246,0.541819,-0.009865,0.424062,0.525032,-0.015347,0.441254,0.520239,-0.018559,0.455564,0.520876,-0.02122,0.409109,0.557812,-0.022846,0.430347,0.548272,-0.028475,0.443135,0.536972,-0.029763,0.451797,0.529391,-0.030504,0.419263,0.574091,-0.021267,0.445568,0.54798,-0.02906,0.4471,0.538981,-0.029328,0.442407,0.540059,-0.028813,0.430263,0.582998,-0.019188,0.453817,0.555172,-0.027596,0.452783,0.547078,-0.025611,0.447095,0.548718,-0.022612,0.440409,0.583646,-0.017378,0.456986,0.561751,-0.022374,0.456237,0.554387,-0.02057,0.450914,0.556067,-0.018902
17,0.56667,0.485571,0.246029,-0.603286,0.9999,0.499428,0.218378,-0.573987,0.9999,0.507809,0.218189,-0.573991,0.9999,0.515226,0.218173,-0.573941,0.9999,0.47218,0.218286,-0.57518,0.9999,0.462464,0.218484,-0.5751,0.9999,0.454167,0.219029,-0.575338,0.9999,0.529296,0.230324,-0.353555,0.9999,0.44628,0.232405,-0.352378,0.9999,0.502194,0.277575,-0.516192,1.0,0.470647,0.280339,-0.518076,1.0,0.594071,0.398132,-0.211268,0.9999,0.385654,0.397281,-0.212218,0.9998,0.623475,0.606497,-0.167396,0.9948,0.358696,0.619865,-0.413993,0.993,0.562511,0.73633,-0.396588,0.9837,0.412059,0.582193,-0.887827,0.9843,0.544957,0.793711,-0.468932,0.9516,0.432878,0.582509,-0.985426,0.9608,0.527455,0.771757,-0.502809,0.9565,0.433294,0.534783,-0.991736,0.9662,0.529597,0.752527,-0.411372,0.9577,0.429842,0.532694,-0.897876,0.966,0.549868,0.804518,-0.001428,0.9933,0.425317,0.803082,0.002942,0.9911,0.550133,1.014734,0.074191,0.2791,0.420854,1.019902,0.238074,0.1034,0.551054,1.316097,0.457799,0.0082,0.431725,1.315633,0.677521,0.0045,0.550767,1.352518,0.482371,0.0141,0.428785,1.353709,0.71434,0.0063,0.538019,1.406681,0.223036,0.0057,0.444081,1.403471,0.448606,0.0047,0.558565,0.755204,0.0,0.537168,0.747963,-0.008041,0.519639,0.762439,-0.010705,0.509149,0.782393,-0.011683,0.499429,0.797505,-0.011603,0.532761,0.794692,-0.010789,0.511818,0.819988,-0.015577,0.497124,0.826568,-0.017349,0.487391,0.827436,-0.017478,0.539081,0.805892,-0.007544,0.516807,0.830292,-0.01155,0.50186,0.833779,-0.012317,0.492036,0.831504,-0.012087,0.541169,0.811089,-0.004602,0.520769,0.832865,-0.007424,0.506174,0.83625,-0.007788,0.496112,0.834821,-0.007468,0.540396,0.812857,-0.002286,0.523341,0.831092,-0.004464,0.510656,0.8357,-0.004663,0.501503,0.835251,-0.004046,0.421648,0.565035,0.0,0.414424,0.534868,-0.007331,0.422745,0.512572,-0.011399,0.438755,0.502711,-0.013877,0.451806,0.497007,-0.015743,0.417669,0.538964,-0.016174,0.442411,0.528987,-0.019789,0.458119,0.520003,-0.020112,0.469336,0.513818,-0.019729,0.427042,0.557257,-0.014998,0.453746,0.535999,-0.018663,0.464937,0.521721,-0.018526,0.468494,0.514523,-0.018319,0.435751,0.568789,-0.013525,0.46011,0.545039,-0.018478,0.466964,0.529756,-0.017785,0.466209,0.522087,-0.016025,0.442795,0.571921,-0.012174,0.460985,0.551005,-0.015634,0.46638,0.538348,-0.014443,0.465473,0.532001,-0.01285
18,0.6,0.48566,0.246954,-0.598123,0.9999,0.4995,0.218942,-0.573361,0.9999,0.507757,0.218644,-0.573319,0.9999,0.51511,0.21851,-0.573278,0.9999,0.472243,0.218906,-0.57135,0.9999,0.462541,0.219014,-0.571162,0.9999,0.454212,0.219501,-0.571308,0.9999,0.528945,0.230358,-0.347654,0.9999,0.446288,0.232526,-0.348691,0.9999,0.502158,0.278448,-0.514732,1.0,0.470674,0.281028,-0.512212,1.0,0.593839,0.398281,-0.20749,0.9999,0.385855,0.397281,-0.206763,0.9998,0.623449,0.608147,-0.167079,0.9946,0.358696,0.624158,-0.412017,0.9933,0.562269,0.73632,-0.393997,0.9837,0.416175,0.569428,-0.885894,0.9855,0.545009,0.793704,-0.464386,0.9519,0.437858,0.565496,-0.982093,0.9636,0.527449,0.771689,-0.495626,0.9566,0.439036,0.518611,-0.985902,0.9684,0.52956,0.752501,-0.407539,0.9578,0.43505,0.51858,-0.895021,0.9681,0.551106,0.804918,-0.001347,0.9932,0.426104,0.803027,0.002835,0.991,0.554176,1.019048,0.071545,0.2682,0.421104,1.021807,0.227309,0.1024,0.551069,1.316247,0.460739,0.008,0.433578,1.315918,0.664385,0.0044,0.55086,1.352599,0.486572,0.0135,0.430548,1.354047,0.700502,0.006,0.538442,1.406656,0.226138,0.0055,0.44474,1.403538,0.441448,0.0045,0.559508,0.75516,0.0,0.537355,0.747991,-0.007809,0.519464,0.762954,-0.010237,0.508964,0.782636,-0.0111,0.49929,0.7974,-0.011026,0.532121,0.795201,-0.010106,0.512567,0.819346,-0.01471,0.498211,0.826574,-0.016589,0.488213,0.82878,-0.016994,0.538673,0.806199,-0.007148,0.517827,0.830008,-0.011058,0.503018,0.834231,-0.011934,0.492824,0.833059,-0.011876,0.541135,0.811141,-0.004517,0.52181,0.83268,-0.007402,0.507382,0.836814,-0.007731,0.496992,0.836306,-0.007415,0.540816,0.812505,-0.002527,0.524482,0.830835,-0.004705,0.511836,0.836135,-0.004807,0.502477,0.836418,-0.004177,0.424726,0.553707,0.0,0.418756,0.530228,-0.004692,0.425027,0.503348,-0.007858,0.438241,0.489973,-0.009547,0.449489,0.485826,-0.010945,0.422235,0.515955,-0.015012,0.434693,0.498838,-0.019906,0.446653,0.487619,-0.021568,0.45691,0.479625,-0.022332,0.433968,0.531362,-0.015256,0.452516,0.513458,-0.018803,0.466541,0.502337,-0.019761,0.477458,0.493566,-0.020807,0.444543,0.543431,-0.015103,0.461604,0.524891,-0.018939,0.472871,0.51167,-0.019934,0.479341,0.501863,-0.020238,0.453636,0.551013,-0.01493,0.466284,0.531898,-0.017955,0.473077,0.519001,-0.01817,0.476782,0.509808,-0.01801
19,0.63333,0.4857,0.247513,-0.563172,0.9999,0.499563,0.219524,-0.538736,0.9999,0.507803,0.219136,-0.538725,0.9999,0.51516,0.2189,-0.53868,0.9999,0.472308,0.219565,-0.537659,0.9999,0.462599,0.219657,-0.537467,0.9999,0.454241,0.220108,-0.537597,0.9999,0.528767,0.230388,-0.324872,0.9999,0.446291,0.23285,-0.319733,0.9999,0.502175,0.278782,-0.481154,1.0,0.470825,0.281428,-0.478585,1.0,0.592885,0.398402,-0.187563,0.9999,0.386149,0.396561,-0.191527,0.9998,0.623228,0.608343,-0.144573,0.9945,0.357487,0.625137,-0.405509,0.9937,0.561405,0.736344,-0.353785,0.984,0.420617,0.555483,-0.868146,0.9866,0.544731,0.793874,-0.421424,0.9531,0.445831,0.542177,-0.962902,0.9661,0.527074,0.772304,-0.451404,0.9575,0.447403,0.506186,-0.976,0.9705,0.529146,0.753084,-0.366521,0.9586,0.442115,0.508362,-0.878192,0.9699,0.550069,0.804895,-0.00115,0.9933,0.425234,0.801901,0.002583,0.9912,0.554276,1.019164,0.070008,0.2653,0.420993,1.021846,0.221913,0.105,0.546078,1.316257,0.434383,0.0082,0.433543,1.315737,0.645974,0.0044,0.545493,1.35263,0.456805,0.0134,0.430508,1.353439,0.680138,0.0059,0.535791,1.40539,0.203129,0.0055,0.443916,1.403252,0.424148,0.0045,0.558066,0.756613,0.0,0.537088,0.749341,-0.007566,0.51922,0.763857,-0.009756,0.508096,0.783065,-0.010359,0.498567,0.797877,-0.009942,0.530761,0.79684,-0.009174,0.510984,0.82067,-0.01312,0.497102,0.827106,-0.014545,0.487445,0.828717,-0.014685,0.537363,0.808119,-0.006067,0.516771,0.831188,-0.009474,0.502547,0.834871,-0.009984,0.492698,0.833451,-0.009642,0.540049,0.813086,-0.003291,0.521311,0.834022,-0.005839,0.507434,0.837644,-0.005861,0.497349,0.837018,-0.005315,0.539836,0.814347,-0.001141,0.523808,0.83208,-0.003146,0.511814,0.836864,-0.003041,0.502836,0.836966,-0.0022,0.43195,0.536457,0.0,0.427437,0.508391,-0.008122,0.438354,0.482225,-0.013207,0.455658,0.467479,-0.016322,0.469083,0.455794,-0.018786,0.42778,0.503793,-0.021079,0.451195,0.486259,-0.027678,0.4672,0.477358,-0.029247,0.480404,0.4713,-0.029527,0.437422,0.523717,-0.020238,0.463129,0.500609,-0.024993,0.479253,0.48787,-0.024716,0.491515,0.479082,-0.025072,0.447606,0.537393,-0.019265,0.470968,0.511445,-0.024573,0.481893,0.494995,-0.023902,0.488154,0.4838,-0.023002,0.457355,0.544351,-0.018611,0.473585,0.519739,-0.022189,0.481032,0.504275,-0.021402,0.484987,0.4932,-0.02076
20,0.66667,0.485751,0.248325,-0.557153,0.9999,0.499622,0.220361,-0.531798,0.9999,0.507829,0.219968,-0.531801,0.9999,0.515192,0.219712,-0.53178,0.9999,0.472367,0.220384,-0.532087,0.9999,0.462655,0.220479,-0.531911,0.9999,0.454276,0.220877,-0.532068,0.9999,0.528745,0.230493,-0.316531,0.9999,0.446292,0.23318,-0.314905,0.9999,0.502225,0.279315,-0.473296,1.0,0.470876,0.281839,-0.472287,1.0,0.592909,0.398199,-0.170972,0.9999,0.386619,0.394548,-0.191716,0.9998,0.623134,0.609207,-0.124709,0.9945,0.357575,0.624764,-0.411248,0.994,0.560554,0.736485,-0.331476,0.9845,0.426538,0.543111,-0.862942,0.9876,0.544236,0.794636,-0.398825,0.9549,0.45508,0.52463,-0.95647,0.9685,0.526326,0.773611,-0.427671,0.959,0.456723,0.493152,-0.970973,0.9724,0.528375,0.754169,-0.343768,0.9599,0.450076,0.495699,-0.871804,0.9718,0.54946,0.804448,0.004072,0.9936,0.424281,0.800798,-0.002804,0.9915,0.550086,1.058498,0.069392,0.2732,0.42087,1.015965,0.22049,0.1095,0.544401,1.315189,0.442847,0.0088,0.433456,1.312139,0.644338,0.0044,0.544135,1.351081,0.467068,0.0138,0.43041,1.348529,0.679,0.0058,0.53482,1.401992,0.213025,0.0057,0.443761,1.399343,0.421917,0.0044,0.557962,0.756819,0.0,0.536565,0.749315,-0.007465,0.519067,0.7643,-0.009535,0.50825,0.783355,-0.010089,0.498806,0.79809,-0.009612,0.530364,0.797367,-0.00873,0.510122,0.821059,-0.012667,0.496307,0.827356,-0.014133,0.487168,0.828577,-0.014235,0.537081,0.808102,-0.005674,0.516162,0.831294,-0.009168,0.501891,0.834744,-0.009779,0.492533,0.833026,-0.009439,0.539919,0.812859,-0.002994,0.520625,0.833829,-0.005571,0.506666,0.837352,-0.005723,0.49688,0.836822,-0.005233,0.539858,0.814071,-0.000923,0.523441,0.831898,-0.002845,0.511315,0.83696,-0.002803,0.502541,0.837382,-0.002035,0.438269,0.529064,0.0,0.433737,0.503122,-0.005453,0.441218,0.478096,-0.010735,0.455815,0.463997,-0.014549,0.468096,0.457061,-0.018155,0.433048,0.491222,-0.020456,0.450238,0.466318,-0.027633,0.462877,0.452692,-0.029767,0.473209,0.443175,-0.030413,0.443422,0.507582,-0.021549,0.464774,0.482299,-0.028243,0.480039,0.46796,-0.029621,0.491351,0.457668,-0.030521,0.454202,0.520829,-0.022132,0.473736,0.495521,-0.028286,0.486768,0.479529,-0.029094,0.495051,0.467116,-0.029089,0.464662,0.529111,-0.022715,0.479414,0.506271,-0.02712,0.487827,0.49045,-0.027291,0.4932,0.47761,-0.027067
21,0.7,0.485818,0.248978,-0.557987,0.9999,0.499671,0.220922,-0.532852,0.9999,0.507855,0.220546,-0.532843,0.9999,0.51522,0.220307,-0.532815,0.9999,0.472342,0.221019,-0.532732,0.9999,0.462652,0.22119,-0.532553,0.9999,0.454219,0.221595,-0.532704,0.9999,0.52875,0.230586,-0.317805,0.9999,0.446312,0.233427,-0.314839,0.9999,0.502249,0.279618,-0.474488,1.0,0.470897,0.282108,-0.472866,1.0,0.593502,0.397567,-0.173232,0.9999,0.387202,0.393726,-0.192466,0.9998,0.623111,0.611561,-0.129383,0.9943,0.359762,0.625413,-0.415115,0.9942,0.559677,0.736554,-0.333824,0.9844,0.436977,0.535623,-0.859659,0.9884,0.543604,0.794947,-0.398521,0.9553,0.467125,0.510783,-0.952071,0.9703,0.525913,0.774182,-0.42652,0.9592,0.467674,0.479067,-0.96237,0.9739,0.527967,0.754697,-0.34567,0.9601,0.461037,0.483416,-0.868078,0.9731,0.548569,0.804501,0.004776,0.9937,0.423982,0.800512,-0.003471,0.9916,0.545836,1.071255,0.083276,0.2677,0.418859,1.016175,0.21099,0.1127,0.539481,1.315437,0.443046,0.0088,0.429951,1.312694,0.590084,0.0044,0.538922,1.351539,0.465565,0.0136,0.426952,1.349529,0.620682,0.0056,0.530199,1.402508,0.215338,0.0056,0.438154,1.400008,0.36196,0.0043,0.558025,0.756246,0.0,0.536703,0.749087,-0.007336,0.518758,0.764538,-0.009439,0.507305,0.78383,-0.010082,0.49757,0.79852,-0.009678,0.530824,0.797397,-0.008652,0.509907,0.821526,-0.012637,0.495876,0.827585,-0.014096,0.486605,0.828726,-0.014173,0.537613,0.807765,-0.005755,0.516102,0.831478,-0.009413,0.501668,0.835023,-0.010089,0.492184,0.833542,-0.009706,0.540438,0.812328,-0.003228,0.520697,0.833747,-0.005888,0.506514,0.83741,-0.006015,0.496663,0.836946,-0.005437,0.540206,0.81347,-0.001311,0.523505,0.831692,-0.003244,0.511337,0.836944,-0.003167,0.502475,0.837451,-0.002324,0.459569,0.514456,-0.0,0.446364,0.489085,-0.00919,0.452188,0.464898,-0.014488,0.46981,0.447248,-0.017462,0.484119,0.437589,-0.019574,0.448795,0.492002,-0.019727,0.466466,0.460358,-0.024514,0.474591,0.44417,-0.024997,0.479734,0.433732,-0.024836,0.46205,0.504121,-0.017765,0.48103,0.468536,-0.021599,0.490235,0.451939,-0.021618,0.495304,0.442727,-0.022425,0.473918,0.510292,-0.015913,0.490447,0.47683,-0.021148,0.498689,0.459948,-0.021873,0.50292,0.449598,-0.022344,0.48378,0.508839,-0.014276,0.495602,0.482526,-0.018856,0.501963,0.46571,-0.020039,0.505262,0.453602,-0.021126
22,0.73333,0.485838,0.249095,-0.544436,0.9999,0.499913,0.221078,-0.517178,0.9999,0.508046,0.220722,-0.517192,0.9999,0.515532,0.220507,-0.517187,0.9999,0.472364,0.221194,-0.518077,0.9999,0.462659,0.221437,-0.51792,0.9999,0.454187,0.221907,-0.518104,0.9999,0.529076,0.230656,-0.30072,0.9999,0.446326,0.233865,-0.300071,0.9999,0.502494,0.27978,-0.460449,1.0,0.470913,0.282158,-0.459773,1.0,0.595254,0.398473,-0.164696,0.9999,0.387655,0.393148,-0.191902,0.9998,0.622895,0.615716,-0.131843,0.994,0.366714,0.627409,-0.427995,0.9943,0.559085,0.736979,-0.335053,0.9844,0.450266,0.52815,-0.856844,0.9892,0.542965,0.795315,-0.400209,0.9557,0.478248,0.503816,-0.9501,0.972,0.525457,0.77467,-0.426589,0.9593,0.47608,0.469402,-0.942613,0.9751,0.527579,0.755375,-0.346661,0.9603,0.46982,0.473952,-0.86455,0.9742,0.548541,0.805888,0.008134,0.994,0.423825,0.80094,-0.006858,0.992,0.545683,1.082624,0.080811,0.2716,0.418611,1.016285,0.207619,0.1171,0.539214,1.31934,0.456937,0.0089,0.42901,1.313713,0.599337,0.0043,0.538882,1.355055,0.48122,0.0134,0.42593,1.349676,0.630468,0.0054,0.52893,1.404866,0.230636,0.0055,0.436537,1.401205,0.36252,0.0042,0.558613,0.756309,0.0,0.536625,0.74918,-0.007405,0.518489,0.764375,-0.009401,0.507501,0.783836,-0.009972,0.497939,0.798881,-0.009471,0.530782,0.79668,-0.008447,0.50994,0.821429,-0.012534,0.495806,0.82809,-0.014,0.486407,0.829519,-0.014017,0.537711,0.807063,-0.00551,0.516511,0.831323,-0.009356,0.501908,0.83561,-0.010111,0.492117,0.834559,-0.009719,0.540499,0.811839,-0.002974,0.521014,0.833777,-0.005802,0.50678,0.838282,-0.005991,0.496634,0.83852,-0.005378,0.54023,0.813312,-0.001063,0.523648,0.831982,-0.003037,0.511428,0.83776,-0.00295,0.502449,0.838613,-0.002062,0.456468,0.506209,0.0,0.471276,0.502028,-0.007309,0.485053,0.485003,-0.012074,0.494157,0.466231,-0.014974,0.499093,0.451142,-0.017602,0.470999,0.487429,-0.018698,0.483216,0.461571,-0.025665,0.492601,0.446439,-0.028042,0.499424,0.433979,-0.028889,0.465552,0.483537,-0.017323,0.480221,0.458284,-0.024138,0.490705,0.444139,-0.025598,0.498609,0.433264,-0.026217,0.461131,0.478783,-0.015753,0.475045,0.454936,-0.022088,0.484656,0.441088,-0.022633,0.490638,0.431205,-0.02209,0.457185,0.472354,-0.014359,0.466728,0.450115,-0.018947,0.473903,0.437204,-0.019531,0.479136,0.427968,-0.019361
23,0.76667,0.485986,0.250125,-0.550198,0.9999,0.500116,0.221863,-0.522279,0.9999,0.508122,0.221556,-0.522291,0.9999,0.515579,0.22138,-0.522278,0.9998,0.472544,0.222007,-0.523519,0.9999,0.46287,0.222295,-0.52337,0.9999,0.454353,0.222751,-0.523556,0.9998,0.529096,0.231177,-0.301229,0.9999,0.446536,0.234526,-0.30364,0.9998,0.502652,0.280699,-0.465547,1.0,0.47105,0.282745,-0.46518,1.0,0.594851,0.40029,-0.16047,0.9999,0.388274,0.392854,-0.207192,0.9997,0.622467,0.617736,-0.132146,0.9941,0.373183,0.628892,-0.469316,0.9944,0.55872,0.737245,-0.328193,0.985,0.460317,0.51663,-0.887463,0.9901,0.542614,0.795903,-0.389128,0.9577,0.489915,0.493609,-0.974619,0.9739,0.524711,0.7752,-0.410671,0.9609,0.484983,0.457786,-0.962727,0.9767,0.526855,0.755899,-0.337292,0.9618,0.476921,0.46206,-0.889844,0.9758,0.54855,0.806379,0.017244,0.9943,0.423838,0.801449,-0.016052,0.9924,0.545921,1.087895,0.079336,0.2747,0.418978,1.016422,0.180298,0.1189,0.539812,1.325111,0.468745,0.0089,0.429016,1.317596,0.589987,0.0042,0.539599,1.360991,0.494827,0.0133,0.425935,1.353369,0.622748,0.0051,0.528968,1.408609,0.246981,0.0055,0.436762,1.404651,0.35934,0.004,0.55787,0.75786,0.0,0.536218,0.750275,-0.007254,0.517897,0.76525,-0.009083,0.506548,0.784579,-0.009491,0.496918,0.799297,-0.00881,0.529724,0.797998,-0.007846,0.509295,0.822195,-0.011686,0.495346,0.828701,-0.013061,0.485833,0.830148,-0.01311,0.536353,0.808664,-0.004862,0.515643,0.832121,-0.008484,0.501291,0.836223,-0.009166,0.491259,0.835308,-0.008796,0.538943,0.81359,-0.002281,0.519899,0.834894,-0.004965,0.505934,0.838956,-0.004992,0.49565,0.838945,-0.004308,0.538585,0.815104,-0.000336,0.522321,0.833132,-0.002214,0.510224,0.838433,-0.002009,0.501111,0.839012,-0.001052,0.465052,0.495236,0.0,0.486132,0.498435,-0.007027,0.505963,0.486118,-0.012014,0.516395,0.464054,-0.014862,0.518195,0.444188,-0.017177,0.493111,0.473173,-0.02053,0.510367,0.441133,-0.026397,0.515804,0.432206,-0.027263,0.517713,0.431276,-0.026465,0.480221,0.458766,-0.018345,0.497691,0.421215,-0.023634,0.503523,0.416964,-0.023582,0.503693,0.422579,-0.022602,0.470173,0.446459,-0.015546,0.485809,0.410157,-0.019462,0.49065,0.409395,-0.018185,0.490358,0.416444,-0.016464,0.463688,0.437145,-0.012752,0.475815,0.408435,-0.015051,0.480341,0.406351,-0.013604,0.481333,0.411224,-0.011855
24,0.8,0.486045,0.250816,-0.550415,0.9999,0.500134,0.222246,-0.524371,0.9998,0.508148,0.221928,-0.524381,0.9998,0.515581,0.22177,-0.52436,0.9998,0.472566,0.222455,-0.52431,0.9998,0.462885,0.222781,-0.524135,0.9998,0.454362,0.223226,-0.524287,0.9998,0.529109,0.231712,-0.303185,0.9999,0.446957,0.234936,-0.305688,0.9998,0.502671,0.281549,-0.467983,1.0,0.471097,0.283467,-0.465827,0.9999,0.59353,0.401097,-0.160766,0.9999,0.390832,0.391294,-0.215346,0.9997,0.622343,0.62121,-0.134408,0.994,0.381531,0.628438,-0.492092,0.9943,0.5579,0.737244,-0.329485,0.9854,0.469015,0.501921,-0.914813,0.9907,0.542271,0.796127,-0.389188,0.9588,0.501459,0.481074,-1.002655,0.9751,0.524076,0.775333,-0.409593,0.9618,0.497418,0.446086,-0.990028,0.9776,0.526099,0.755931,-0.337856,0.9625,0.488003,0.448679,-0.916381,0.9766,0.548479,0.806447,0.019415,0.9945,0.424031,0.801446,-0.018217,0.9926,0.545987,1.086297,0.082222,0.2757,0.427147,1.06145,0.173837,0.1211,0.54005,1.326645,0.468349,0.0089,0.428684,1.318656,0.582308,0.0041,0.539751,1.362849,0.494693,0.0131,0.42531,1.354891,0.614563,0.0049,0.529147,1.409676,0.244452,0.0054,0.435853,1.405005,0.347888,0.0039,0.558503,0.757424,0.0,0.536591,0.750661,-0.007094,0.51778,0.765353,-0.009172,0.506962,0.784355,-0.009956,0.497174,0.798534,-0.009771,0.530048,0.79559,-0.008983,0.509644,0.820266,-0.013688,0.49496,0.827656,-0.015495,0.484655,0.829506,-0.015664,0.537078,0.806441,-0.006359,0.516106,0.830674,-0.010714,0.500866,0.835592,-0.011741,0.490028,0.834547,-0.011501,0.539904,0.811807,-0.004056,0.520775,0.833809,-0.007264,0.506097,0.838616,-0.007522,0.495191,0.838501,-0.006912,0.539858,0.813889,-0.002351,0.523499,0.832409,-0.004577,0.510777,0.83807,-0.004461,0.501134,0.838679,-0.003528,0.470296,0.475721,-0.0,0.493235,0.48441,-0.006949,0.513407,0.470601,-0.008382,0.52457,0.448392,-0.008618,0.53059,0.429607,-0.007094,0.507214,0.43066,-0.003203,0.525716,0.411347,-0.006587,0.524312,0.420902,-0.008964,0.518574,0.429721,-0.009599,0.498236,0.416755,9.8e-05,0.516636,0.39982,-0.001225,0.51672,0.408823,-0.002733,0.51105,0.41611,-0.003417,0.491257,0.408896,0.002714,0.508367,0.392528,0.001955,0.508963,0.401111,0.002394,0.504003,0.407674,0.002906,0.486888,0.405614,0.004811,0.501219,0.39223,0.004949,0.502001,0.397734,0.006684,0.4981,0.402802,0.008346
25,0.83333,0.486085,0.250987,-0.51482,0.9998,0.500162,0.22227,-0.481778,0.9997,0.50817,0.221936,-0.481842,0.9997,0.51554,0.221769,-0.481842,0.9997,0.472586,0.222461,-0.487267,0.9997,0.462895,0.222777,-0.487174,0.9996,0.454356,0.223221,-0.487416,0.9996,0.529006,0.231714,-0.250506,0.9998,0.447041,0.234906,-0.270165,0.9995,0.502692,0.281745,-0.426499,0.9999,0.471118,0.283561,-0.431773,0.9999,0.590338,0.401162,-0.116736,0.9999,0.390816,0.389761,-0.208031,0.9995,0.620107,0.622322,-0.11789,0.9939,0.384744,0.625653,-0.487572,0.9943,0.557263,0.737731,-0.298879,0.9858,0.484186,0.484186,-0.913866,0.9913,0.541055,0.796793,-0.358368,0.9597,0.520115,0.461614,-0.982757,0.9763,0.522882,0.77555,-0.372258,0.9624,0.519349,0.428025,-0.949546,0.9784,0.524959,0.756031,-0.305058,0.9632,0.509959,0.432297,-0.893014,0.9773,0.54618,0.806985,0.025468,0.9948,0.421962,0.802409,-0.02421,0.9929,0.545135,1.09147,0.08232,0.2821,0.426635,1.079565,0.175393,0.1274,0.539081,1.333283,0.468148,0.0089,0.42697,1.325077,0.591902,0.0041,0.538468,1.370855,0.494487,0.013,0.423618,1.362757,0.62521,0.0047,0.528966,1.416376,0.243959,0.0054,0.433994,1.411347,0.360179,0.0039,0.557145,0.758044,0.0,0.536441,0.750319,-0.007717,0.518456,0.765557,-0.00982,0.506696,0.784283,-0.010326,0.496421,0.798159,-0.009825,0.52947,0.798064,-0.009478,0.509063,0.821208,-0.013847,0.494596,0.827623,-0.01554,0.484307,0.829311,-0.015812,0.535578,0.808726,-0.006321,0.514703,0.831169,-0.010435,0.499794,0.835274,-0.011215,0.488887,0.834625,-0.010957,0.53785,0.813639,-0.003525,0.518372,0.833703,-0.006655,0.503923,0.837609,-0.006867,0.493038,0.837553,-0.006293,0.537272,0.815008,-0.001375,0.520358,0.831989,-0.0036,0.507838,0.837091,-0.003566,0.498333,0.837794,-0.002723,0.481832,0.485486,0.0,0.481039,0.455271,4e-05,0.492406,0.430015,-0.001185,0.505857,0.413676,-0.002808,0.516221,0.403239,-0.004498,0.499252,0.428589,-0.004885,0.51409,0.403715,-0.010069,0.525079,0.389546,-0.013292,0.534268,0.380015,-0.015245,0.508878,0.438596,-0.008392,0.524993,0.412556,-0.012912,0.536987,0.395936,-0.016239,0.547602,0.383329,-0.018489,0.517238,0.451728,-0.011804,0.534561,0.428569,-0.016562,0.54699,0.413738,-0.019248,0.557475,0.401671,-0.02097,0.523697,0.467002,-0.01502,0.537455,0.452754,-0.018991,0.54679,0.442222,-0.019807,0.555107,0.432723,-0.020086
26,0.86667,0.48605,0.250982,-0.528845,0.9997,0.500193,0.222372,-0.497589,0.9996,0.508181,0.222044,-0.497629,0.9996,0.51549,0.221884,-0.497619,0.9997,0.472588,0.222501,-0.501431,0.9996,0.462889,0.222792,-0.501323,0.9995,0.45436,0.223224,-0.501547,0.9995,0.529009,0.231972,-0.270033,0.9997,0.447227,0.234914,-0.282787,0.9994,0.502631,0.281734,-0.441548,0.9999,0.47107,0.283472,-0.444939,0.9998,0.588491,0.400159,-0.130985,0.9999,0.391019,0.387579,-0.213034,0.9994,0.61925,0.622055,-0.150964,0.994,0.384992,0.616419,-0.499978,0.9942,0.556992,0.737368,-0.308598,0.9863,0.498767,0.479903,-0.899332,0.9916,0.540796,0.796771,-0.37652,0.9608,0.533443,0.461778,-0.982037,0.9767,0.522283,0.775421,-0.397008,0.9633,0.536546,0.426384,-0.939069,0.9783,0.524318,0.755804,-0.321929,0.9641,0.526909,0.431188,-0.887575,0.9771,0.544821,0.805709,0.023859,0.9949,0.421444,0.800599,-0.022563,0.993,0.544974,1.088563,0.077759,0.2824,0.426179,1.075425,0.178485,0.1326,0.538872,1.332689,0.459167,0.0088,0.426024,1.324809,0.597082,0.0041,0.537974,1.370216,0.484525,0.0126,0.422904,1.362574,0.630744,0.0045,0.528901,1.416485,0.230397,0.0053,0.433289,1.411228,0.365983,0.0038,0.55782,0.757121,0.0,0.535842,0.749303,-0.007412,0.517616,0.764627,-0.009393,0.506485,0.783767,-0.009868,0.496538,0.7979,-0.009422,0.529565,0.796568,-0.009548,0.508322,0.820334,-0.013905,0.493665,0.826842,-0.015518,0.483789,0.828237,-0.015651,0.536371,0.807024,-0.006524,0.514704,0.830267,-0.010659,0.499752,0.833742,-0.011472,0.489598,0.831976,-0.01116,0.539234,0.811789,-0.003797,0.519115,0.832681,-0.006825,0.504531,0.836217,-0.007098,0.494153,0.835516,-0.00658,0.539221,0.813183,-0.001658,0.522111,0.830955,-0.003875,0.50926,0.835918,-0.003952,0.499917,0.836144,-0.003213,0.48812,0.47429,0.0,0.489641,0.448763,-0.00392,0.501855,0.427932,-0.005793,0.513861,0.416314,-0.007572,0.519916,0.405461,-0.009337,0.51922,0.423355,-0.001824,0.534194,0.4075,-0.00671,0.545246,0.396142,-0.011785,0.554822,0.387078,-0.015351,0.526804,0.433421,-0.003399,0.54333,0.41733,-0.006535,0.555097,0.405786,-0.010873,0.565696,0.395458,-0.014118,0.531817,0.446402,-0.005595,0.547363,0.431613,-0.008632,0.557851,0.421799,-0.010361,0.566921,0.412977,-0.011614,0.534214,0.462462,-0.008367,0.546101,0.452532,-0.010675,0.554236,0.44582,-0.01035,0.560917,0.440035,-0.009894
27,0.9,0.485867,0.250974,-0.529377,0.9997,0.5001,0.222397,-0.497979,0.9996,0.508127,0.222074,-0.497993,0.9996,0.515332,0.22192,-0.497891,0.9996,0.472355,0.222556,-0.501952,0.9995,0.462698,0.222877,-0.50193,0.9995,0.454205,0.223325,-0.502227,0.9994,0.528989,0.231992,-0.275857,0.9997,0.447258,0.235006,-0.287857,0.9993,0.502584,0.281654,-0.44193,0.9999,0.470808,0.283303,-0.445823,0.9998,0.588197,0.400539,-0.132216,0.9999,0.391228,0.386033,-0.218458,0.9993,0.618078,0.621808,-0.158644,0.9941,0.383723,0.613197,-0.493616,0.9941,0.557006,0.736047,-0.314918,0.9865,0.49778,0.488744,-0.886206,0.9918,0.540822,0.796629,-0.38544,0.9612,0.532415,0.470243,-0.959902,0.9767,0.522298,0.774874,-0.403767,0.9634,0.53531,0.436622,-0.923383,0.978,0.524323,0.754613,-0.330434,0.964,0.525916,0.439677,-0.869711,0.9765,0.543792,0.804894,0.023403,0.9951,0.420243,0.798737,-0.022128,0.9931,0.544669,1.087486,0.07761,0.2972,0.422659,1.033917,0.171453,0.1468,0.539066,1.332437,0.45386,0.0097,0.426099,1.323665,0.576774,0.0046,0.538206,1.370088,0.478291,0.0135,0.423177,1.361123,0.608801,0.0047,0.529144,1.416318,0.225589,0.0057,0.43346,1.410273,0.350036,0.0041,0.558245,0.75634,0.0,0.535856,0.748863,-0.006732,0.51769,0.764283,-0.008426,0.506703,0.783368,-0.008749,0.496783,0.797328,-0.00815,0.529436,0.795812,-0.008628,0.508783,0.819698,-0.012745,0.494254,0.82619,-0.014232,0.484354,0.827677,-0.014306,0.536337,0.806208,-0.005905,0.514989,0.829506,-0.009692,0.500166,0.833233,-0.010327,0.489941,0.831902,-0.009962,0.539416,0.811063,-0.00346,0.519392,0.831992,-0.006207,0.504896,0.835608,-0.006327,0.494521,0.835049,-0.005748,0.539635,0.812543,-0.001565,0.522547,0.830366,-0.003516,0.509705,0.835383,-0.003427,0.500366,0.835641,-0.002597,0.490277,0.477034,0.0,0.489049,0.44791,-0.002786,0.50051,0.428738,-0.003517,0.514247,0.419528,-0.004394,0.523425,0.410297,-0.00504,0.523543,0.426326,0.001281,0.539417,0.412083,-0.001829,0.549622,0.40336,-0.005365,0.557732,0.396595,-0.007931,0.531498,0.439041,-0.000365,0.547864,0.423427,-0.002238,0.558498,0.41277,-0.005939,0.567718,0.403617,-0.008772,0.536094,0.453473,-0.002721,0.551608,0.439543,-0.004984,0.561237,0.430278,-0.007216,0.569343,0.421781,-0.008954,0.537521,0.469464,-0.005535,0.549549,0.463132,-0.007184,0.557173,0.457956,-0.007292,0.563473,0.452647,-0.007268
28,0.93333,0.485789,0.25097,-0.553935,0.9997,0.500027,0.222385,-0.523187,0.9996,0.50808,0.222049,-0.523219,0.9996,0.515193,0.221882,-0.523223,0.9996,0.47209,0.222632,-0.526103,0.9995,0.462454,0.223067,-0.52606,0.9994,0.453981,0.223618,-0.526336,0.9994,0.528888,0.231876,-0.29726,0.9997,0.447261,0.235296,-0.305489,0.9992,0.502587,0.281634,-0.465002,0.9999,0.470689,0.283304,-0.467904,0.9998,0.587481,0.400555,-0.153229,0.9999,0.391463,0.385172,-0.223116,0.9993,0.617993,0.621635,-0.168658,0.9941,0.382916,0.610597,-0.503859,0.994,0.55719,0.735435,-0.320417,0.9868,0.495106,0.487657,-0.891687,0.9921,0.540947,0.796476,-0.389177,0.962,0.531842,0.472046,-0.972597,0.977,0.522406,0.774371,-0.408648,0.9639,0.535447,0.439508,-0.936997,0.9779,0.524441,0.754134,-0.332772,0.9644,0.525323,0.441799,-0.882223,0.9762,0.543648,0.80445,0.022395,0.9951,0.420254,0.798025,-0.021185,0.9931,0.544502,1.086445,0.077505,0.3051,0.421363,1.020704,0.181946,0.1534,0.5392,1.332104,0.452389,0.01,0.426137,1.323203,0.598875,0.0048,0.538332,1.369694,0.476912,0.0137,0.423275,1.360745,0.632774,0.0048,0.529281,1.416231,0.222637,0.0059,0.433592,1.409851,0.376366,0.0043,0.558636,0.756079,0.0,0.536485,0.748695,-0.007129,0.518344,0.763668,-0.008937,0.507299,0.782822,-0.009372,0.497638,0.797222,-0.008819,0.53028,0.795786,-0.008062,0.509226,0.819369,-0.01214,0.494835,0.825704,-0.013713,0.485043,0.827386,-0.013886,0.537172,0.80607,-0.005259,0.515598,0.828886,-0.009044,0.500712,0.832852,-0.009844,0.490256,0.832116,-0.009634,0.540213,0.810803,-0.002859,0.520114,0.831373,-0.005674,0.505476,0.835435,-0.005881,0.494805,0.835546,-0.005367,0.540331,0.812335,-0.001074,0.523179,0.829936,-0.003043,0.510405,0.835224,-0.00297,0.500986,0.835946,-0.002175,0.488838,0.47572,0.0,0.488197,0.445277,-0.00056,0.499634,0.42712,-0.000161,0.513137,0.418452,-0.000354,0.521389,0.411193,-0.000384,0.521561,0.425881,0.004065,0.537755,0.411983,0.001746,0.54836,0.403283,-0.001092,0.556542,0.396688,-0.003165,0.529912,0.438744,0.001672,0.546526,0.422929,0.000132,0.558027,0.411731,-0.003035,0.567831,0.402479,-0.005356,0.53486,0.453422,-0.001328,0.550861,0.438761,-0.003528,0.560775,0.429198,-0.005484,0.568848,0.420537,-0.006769,0.536684,0.469965,-0.004581,0.549229,0.463104,-0.006088,0.556946,0.457158,-0.006006,0.563162,0.45115,-0.005672
29,0.96667,0.485866,0.251276,-0.555301,0.9996,0.500015,0.222868,-0.524449,0.9995,0.508062,0.222504,-0.524471,0.9995,0.515146,0.222348,-0.524483,0.9995,0.472092,0.223483,-0.528432,0.9994,0.46246,0.224041,-0.528393,0.9994,0.453986,0.224737,-0.528663,0.9993,0.528742,0.232001,-0.297327,0.9996,0.447295,0.236464,-0.310231,0.9992,0.502717,0.281646,-0.465762,0.9999,0.47081,0.283342,-0.469914,0.9998,0.587546,0.400119,-0.154391,0.9999,0.391444,0.385278,-0.232125,0.9992,0.618352,0.621543,-0.164057,0.994,0.382644,0.610929,-0.514411,0.994,0.557303,0.73477,-0.322592,0.9868,0.494773,0.488138,-0.887031,0.9923,0.540965,0.795834,-0.391924,0.9617,0.530856,0.472792,-0.969387,0.9772,0.522475,0.773135,-0.410712,0.9635,0.534489,0.440692,-0.938038,0.9779,0.524545,0.753206,-0.335802,0.964,0.524557,0.443213,-0.880754,0.9761,0.543696,0.805188,0.024191,0.9952,0.420008,0.798261,-0.022923,0.9932,0.544496,1.088497,0.081224,0.3053,0.420004,1.022336,0.17452,0.157,0.539055,1.333246,0.459147,0.0101,0.425408,1.325818,0.582864,0.0049,0.53808,1.370823,0.483827,0.0138,0.422368,1.364209,0.615278,0.0047,0.528984,1.419077,0.231156,0.0059,0.432772,1.413429,0.354327,0.0043,0.558726,0.754472,0.0,0.536782,0.747563,-0.006683,0.518244,0.763588,-0.008529,0.506738,0.782228,-0.009116,0.497036,0.795904,-0.008796,0.530751,0.793615,-0.009096,0.509741,0.817775,-0.013774,0.494862,0.824576,-0.015622,0.484759,0.826161,-0.015864,0.537771,0.80354,-0.006702,0.515849,0.827209,-0.011141,0.50058,0.83109,-0.012163,0.490018,0.829722,-0.011974,0.540915,0.808266,-0.004582,0.520223,0.8297,-0.007838,0.505195,0.833514,-0.008144,0.494483,0.832892,-0.007619,0.54123,0.809906,-0.003014,0.523478,0.827795,-0.005312,0.510227,0.832754,-0.005354,0.500615,0.83298,-0.004599,0.489332,0.47684,0.0,0.48706,0.447232,-0.003129,0.497563,0.428377,-0.004729,0.511742,0.419269,-0.006278,0.522021,0.411236,-0.007477,0.520244,0.426138,-0.000443,0.537254,0.411557,-0.003974,0.548608,0.403145,-0.007387,0.557595,0.397088,-0.009784,0.528926,0.439428,-0.00172,0.546317,0.422876,-0.003798,0.558334,0.412038,-0.006839,0.568634,0.403507,-0.009273,0.534093,0.454265,-0.003693,0.55082,0.438607,-0.006115,0.560954,0.429075,-0.007893,0.56906,0.421265,-0.009269,0.536409,0.470664,-0.006103,0.549065,0.463111,-0.008071,0.556963,0.457214,-0.008366,0.563447,0.451649,-0.008369
30,1.0,0.485803,0.25164,-0.555429,0.9996,0.499909,0.223299,-0.524491,0.9995,0.507993,0.222949,-0.524511,0.9995,0.515021,0.22285,-0.524523,0.9995,0.471888,0.224084,-0.52858,0.9994,0.46222,0.224723,-0.528536,0.9993,0.453766,0.225556,-0.528806,0.9993,0.528697,0.232488,-0.297524,0.9996,0.447277,0.237355,-0.310243,0.9991,0.502722,0.281844,-0.465929,0.9999,0.470569,0.283559,-0.470008,0.9998,0.587633,0.400291,-0.154779,0.9999,0.39167,0.385137,-0.23055,0.9992,0.618181,0.621464,-0.161794,0.9941,0.381934,0.611144,-0.515595,0.9941,0.557359,0.734272,-0.326252,0.9872,0.496789,0.486665,-0.889222,0.9927,0.540967,0.795528,-0.393147,0.9625,0.53217,0.471549,-0.97154,0.9779,0.522495,0.771909,-0.409191,0.9641,0.536022,0.440249,-0.94191,0.9783,0.524562,0.752206,-0.337874,0.9645,0.526233,0.442172,-0.883651,0.9764,0.543796,0.805717,0.023999,0.9953,0.419974,0.798494,-0.022722,0.9934,0.544536,1.089863,0.081031,0.3106,0.419651,1.023591,0.173903,0.1618,0.539115,1.334087,0.458869,0.0103,0.425436,1.327066,0.583389,0.005,0.538178,1.371393,0.483532,0.0139,0.422401,1.365473,0.616053,0.0046,0.529056,1.420276,0.230544,0.0061,0.432866,1.414718,0.35436,0.0044,0.559366,0.752889,0.0,0.53711,0.745917,-0.007067,0.518251,0.762657,-0.008723,0.507113,0.781584,-0.008967,0.497546,0.794719,-0.008327,0.531009,0.792664,-0.009414,0.510526,0.816251,-0.013991,0.49564,0.823307,-0.015799,0.485035,0.82556,-0.016104,0.538135,0.802799,-0.006742,0.516687,0.825961,-0.011191,0.501351,0.830611,-0.012199,0.489868,0.830478,-0.012019,0.541161,0.807633,-0.00436,0.521025,0.828757,-0.007741,0.505839,0.833268,-0.00815,0.494305,0.833628,-0.007656,0.541371,0.809132,-0.002571,0.523932,0.827007,-0.004935,0.510641,0.832238,-0.005038,0.50045,0.832945,-0.004314,0.488339,0.477794,0.0,0.487002,0.448394,-0.002722,0.498589,0.428695,-0.004104,0.512971,0.41932,-0.005498,0.523346,0.411601,-0.006609,0.519904,0.427597,-0.000362,0.53712,0.412831,-0.003865,0.548479,0.404302,-0.007285,0.557428,0.397917,-0.009679,0.528023,0.440771,-0.001897,0.545894,0.424256,-0.004095,0.55795,0.413475,-0.007237,0.568476,0.404768,-0.009683,0.533083,0.455471,-0.004037,0.550702,0.439867,-0.006397,0.56116,0.430604,-0.008026,0.569736,0.422848,-0.0093,0.535408,0.471632,-0.006582,0.548632,0.463318,-0.008443,0.556988,0.457172,-0.008535,0.564058,0.451214,-0.008406
31,1.03333,0.485785,0.251903,-0.553587,0.9996,0.499873,0.223664,-0.52267,0.9995,0.507975,0.22332,-0.522689,0.9995,0.515005,0.223258,-0.522704,0.9995,0.471814,0.224649,-0.526994,0.9994,0.462146,0.225375,-0.526932,0.9993,0.453709,0.226355,-0.527191,0.9992,0.528692,0.232917,-0.296008,0.9996,0.44728,0.238408,-0.309527,0.9991,0.502728,0.282062,-0.464615,0.9999,0.470554,0.283844,-0.468857,0.9998,0.587679,0.400655,-0.155177,0.9999,0.391872,0.385186,-0.228534,0.9992,0.619695,0.621368,-0.162705,0.9941,0.382341,0.611242,-0.507159,0.9942,0.55779,0.733089,-0.32915,0.9875,0.497901,0.488594,-0.882669,0.993,0.540984,0.795105,-0.393393,0.9634,0.532698,0.472826,-0.962327,0.9784,0.52251,0.770136,-0.410363,0.9647,0.536807,0.44117,-0.934291,0.9786,0.524571,0.750592,-0.338468,0.9652,0.527167,0.443221,-0.875477,0.9766,0.545231,0.806152,0.023625,0.9954,0.420834,0.798816,-0.02234,0.9935,0.54706,1.091295,0.080596,0.3092,0.419527,1.024541,0.174153,0.1631,0.541961,1.335373,0.459825,0.0102,0.426551,1.33004,0.583248,0.005,0.541179,1.37244,0.48482,0.0137,0.423545,1.368682,0.615953,0.0045,0.532012,1.422451,0.232576,0.006,0.433841,1.417521,0.355612,0.0044,0.559285,0.751866,0.0,0.537278,0.745328,-0.007231,0.51852,0.761166,-0.009264,0.507371,0.779798,-0.009924,0.497919,0.79339,-0.00964,0.532157,0.791333,-0.00933,0.510882,0.81494,-0.014064,0.495712,0.821914,-0.016018,0.484987,0.824362,-0.0164,0.539275,0.801598,-0.006753,0.517281,0.824592,-0.011047,0.50181,0.829461,-0.012082,0.490324,0.829605,-0.01201,0.542091,0.806462,-0.004529,0.521534,0.827222,-0.007739,0.506331,0.831872,-0.008052,0.494783,0.832384,-0.007598,0.541796,0.80818,-0.002937,0.524102,0.825417,-0.005296,0.510844,0.830656,-0.005358,0.500654,0.831586,-0.00463,0.490042,0.473286,0.0,0.489417,0.444294,-0.00166,0.50054,0.425954,-0.002252,0.51423,0.417946,-0.003223,0.523747,0.411388,-0.003939,0.524039,0.422265,0.002886,0.53941,0.41004,0.000237,0.549613,0.403072,-0.003249,0.557833,0.39769,-0.005887,0.531968,0.435371,0.000792,0.548185,0.421319,-0.000348,0.559035,0.411967,-0.003445,0.568594,0.404296,-0.005999,0.536451,0.450592,-0.00202,0.552286,0.43723,-0.003655,0.561863,0.429001,-0.005354,0.569855,0.421959,-0.006813,0.53775,0.468115,-0.005243,0.549812,0.4614,-0.006476,0.557488,0.456054,-0.006293,0.564111,0.450793,-0.006068
32,1.06667,0.48579,0.25195,-0.570971,0.9996,0.499775,0.223811,-0.539973,0.9995,0.507892,0.223462,-0.540028,0.9995,0.514884,0.22342,-0.54006,0.9995,0.471773,0.224884,-0.543055,0.9994,0.462109,0.225657,-0.543015,0.9993,0.453681,0.226693,-0.543259,0.9992,0.528606,0.233131,-0.30901,0.9996,0.447285,0.238901,-0.317587,0.9991,0.502741,0.28208,-0.480478,0.9999,0.470556,0.283853,-0.483318,0.9998,0.588462,0.40074,-0.164108,0.9999,0.391863,0.385118,-0.229413,0.9991,0.620886,0.620778,-0.1684,0.9941,0.38288,0.611264,-0.511679,0.9939,0.558232,0.731913,-0.338123,0.9874,0.495928,0.490126,-0.905576,0.9929,0.540991,0.793902,-0.397526,0.9629,0.531084,0.47456,-0.99071,0.9776,0.522536,0.768,-0.412922,0.9642,0.535537,0.441504,-0.965912,0.9775,0.524716,0.74881,-0.344706,0.9645,0.525754,0.443768,-0.901104,0.9752,0.545441,0.806073,0.021383,0.9953,0.420982,0.798589,-0.020135,0.9933,0.547306,1.090591,0.07717,0.3172,0.419562,1.024736,0.174902,0.1722,0.542959,1.334871,0.464798,0.0108,0.427931,1.329298,0.588234,0.0056,0.541935,1.371672,0.490971,0.0141,0.425423,1.367987,0.622069,0.0048,0.533355,1.422245,0.235592,0.0062,0.43557,1.417069,0.358234,0.0047,0.559485,0.748339,0.0,0.537515,0.741611,-0.007812,0.519185,0.757299,-0.01061,0.507909,0.776667,-0.011856,0.497895,0.790588,-0.012282,0.532756,0.786012,-0.012189,0.51187,0.811458,-0.017805,0.496554,0.81917,-0.020081,0.485616,0.821607,-0.020497,0.540075,0.796339,-0.009423,0.517851,0.821468,-0.01455,0.502335,0.825986,-0.015746,0.491227,0.824485,-0.015614,0.54309,0.801363,-0.006855,0.522005,0.823879,-0.01058,0.506893,0.827855,-0.011041,0.495945,0.826656,-0.010603,0.543076,0.803239,-0.004884,0.525224,0.821453,-0.007621,0.511798,0.826182,-0.007846,0.501763,0.826048,-0.007161,0.489869,0.475331,0.0,0.489164,0.445097,-0.001604,0.500605,0.426557,-0.00175,0.514904,0.418533,-0.002252,0.524345,0.411969,-0.002441,0.52156,0.424387,0.003594,0.537244,0.411144,0.001239,0.547701,0.404163,-0.001965,0.556189,0.39919,-0.004389,0.52979,0.437194,0.001816,0.54633,0.422109,0.000818,0.557678,0.412941,-0.002162,0.567898,0.4056,-0.004603,0.53456,0.451828,-0.000708,0.550588,0.437803,-0.002191,0.560633,0.429753,-0.003717,0.569131,0.423096,-0.005027,0.536572,0.468928,-0.003638,0.548462,0.461305,-0.004488,0.556001,0.455504,-0.004071,0.562268,0.449869,-0.003743
33,1.1,0.485702,0.252076,-0.572612,0.9996,0.499734,0.224114,-0.54162,0.9995,0.507883,0.223795,-0.541666,0.9995,0.514884,0.223797,-0.541714,0.9995,0.471668,0.225219,-0.544408,0.9993,0.461991,0.225993,-0.544341,0.9993,0.453586,0.227036,-0.544562,0.9992,0.528741,0.23383,-0.310084,0.9996,0.447313,0.239234,-0.317575,0.999,0.502737,0.282224,-0.482061,0.9999,0.470244,0.284028,-0.484526,0.9998,0.589016,0.401352,-0.166729,0.9999,0.391863,0.385163,-0.228985,0.9991,0.621968,0.621955,-0.174565,0.9941,0.382523,0.611542,-0.507639,0.9935,0.55865,0.729696,-0.348079,0.9874,0.49434,0.490847,-0.903723,0.9926,0.541002,0.791143,-0.406129,0.9623,0.52994,0.475112,-0.989654,0.9764,0.522794,0.764261,-0.417887,0.9635,0.534579,0.442203,-0.965869,0.9759,0.525175,0.745499,-0.352352,0.9638,0.524833,0.444653,-0.900067,0.9732,0.545419,0.806668,0.018859,0.9953,0.420221,0.799483,-0.01753,0.9932,0.547362,1.092645,0.075623,0.3142,0.423318,1.070442,0.173464,0.1769,0.543021,1.336067,0.476452,0.0106,0.427845,1.331871,0.588236,0.0058,0.541947,1.372785,0.504126,0.0137,0.425369,1.371433,0.622093,0.0049,0.533344,1.426803,0.247791,0.0061,0.435418,1.420444,0.357142,0.0048,0.560022,0.742621,0.0,0.538464,0.736319,-0.007342,0.520373,0.752075,-0.009902,0.509883,0.771102,-0.011032,0.499912,0.7841,-0.011282,0.533355,0.780211,-0.011202,0.513465,0.804743,-0.016555,0.498678,0.812689,-0.018711,0.487793,0.81598,-0.019168,0.540314,0.790541,-0.00876,0.519281,0.815126,-0.013731,0.504042,0.821278,-0.014819,0.492381,0.822174,-0.014709,0.54304,0.795876,-0.006549,0.523216,0.818573,-0.010312,0.50826,0.82436,-0.010738,0.496547,0.825455,-0.010265,0.542958,0.798087,-0.004914,0.525623,0.81663,-0.007439,0.512394,0.822998,-0.007554,0.501946,0.824798,-0.00686,0.48923,0.474811,0.0,0.489332,0.444657,-0.000891,0.500371,0.425329,-0.001149,0.513781,0.41713,-0.00189,0.523507,0.412839,-0.002483,0.520518,0.424505,0.002201,0.535496,0.412005,-0.000611,0.545243,0.404921,-0.003879,0.552944,0.399853,-0.006266,0.528863,0.437227,-0.000195,0.545512,0.423073,-0.001582,0.556576,0.414119,-0.004367,0.566156,0.407027,-0.006571,0.533742,0.451511,-0.003144,0.549665,0.438323,-0.004808,0.559379,0.430455,-0.006092,0.567471,0.423781,-0.007187,0.535337,0.467483,-0.006403,0.547209,0.460111,-0.007399,0.55462,0.454643,-0.006704,0.560778,0.44963,-0.006097
34,1.13333,0.4856,0.252065,-0.557293,0.9995,0.499605,0.224176,-0.524827,0.9994,0.507821,0.22387,-0.524901,0.9995,0.514837,0.223887,-0.524991,0.9995,0.471514,0.225282,-0.527274,0.9993,0.461804,0.226063,-0.527208,0.9992,0.453443,0.227106,-0.527428,0.9991,0.528736,0.233923,-0.294969,0.9996,0.44732,0.239266,-0.299314,0.9989,0.502738,0.28218,-0.467989,0.9998,0.470124,0.283945,-0.469651,0.9997,0.589519,0.40208,-0.164215,0.9999,0.391732,0.385191,-0.212901,0.999,0.622455,0.61946,-0.175224,0.994,0.38385,0.612662,-0.502847,0.9929,0.558859,0.723289,-0.350554,0.987,0.493234,0.491519,-0.900881,0.9921,0.540969,0.785085,-0.408828,0.9609,0.529289,0.475973,-0.989262,0.9748,0.522782,0.758065,-0.419776,0.962,0.533994,0.443081,-0.959774,0.974,0.525193,0.739959,-0.354435,0.9625,0.524287,0.445516,-0.895654,0.9709,0.545355,0.806632,0.015955,0.9952,0.419295,0.799497,-0.014552,0.993,0.547407,1.093192,0.073119,0.3113,0.424664,1.079878,0.173963,0.1807,0.543129,1.335989,0.479261,0.0106,0.427706,1.332597,0.588736,0.0061,0.541985,1.372739,0.507416,0.0135,0.425322,1.372431,0.622561,0.005,0.53339,1.427447,0.25235,0.006,0.43532,1.421371,0.357907,0.0049,0.562193,0.734586,0.0,0.540307,0.727849,-0.006703,0.52126,0.743014,-0.008763,0.510106,0.76156,-0.009397,0.500068,0.774958,-0.009134,0.533551,0.77024,-0.010052,0.513336,0.794175,-0.01426,0.499681,0.803311,-0.015558,0.49001,0.808312,-0.015601,0.541063,0.781373,-0.00768,0.520667,0.804448,-0.011594,0.506192,0.811165,-0.011926,0.495253,0.813214,-0.011469,0.544715,0.787395,-0.005506,0.525716,0.80899,-0.008445,0.511396,0.815175,-0.008226,0.500234,0.817363,-0.007499,0.545537,0.790255,-0.003849,0.528864,0.807821,-0.005705,0.516181,0.814634,-0.005327,0.506307,0.817229,-0.004403,0.485263,0.472658,0.0,0.487589,0.447259,-0.001877,0.499264,0.428368,-0.002832,0.51093,0.420008,-0.004196,0.520437,0.416565,-0.005451,0.517318,0.425572,8e-05,0.533123,0.412316,-0.003694,0.543305,0.404507,-0.007199,0.55093,0.398538,-0.009684,0.524779,0.437645,-0.00249,0.542147,0.423892,-0.005292,0.55348,0.415295,-0.008653,0.563082,0.408165,-0.011084,0.528962,0.451882,-0.005657,0.545882,0.439642,-0.008545,0.556183,0.432221,-0.010315,0.56509,0.425504,-0.011626,0.529612,0.467735,-0.009137,0.542494,0.460968,-0.011498,0.550791,0.455562,-0.011322,0.558045,0.450475,-0.01099
35,1.16667,0.485733,0.252093,-0.576456,0.9995,0.499702,0.224267,-0.545739,0.9994,0.507906,0.223985,-0.545791,0.9995,0.514943,0.224043,-0.545859,0.9995,0.471614,0.225345,-0.547678,0.9993,0.46188,0.226128,-0.547598,0.9992,0.453501,0.227168,-0.547807,0.9991,0.528893,0.234233,-0.314549,0.9996,0.44751,0.23935,-0.316642,0.999,0.502866,0.282175,-0.486302,0.9999,0.470201,0.28393,-0.487276,0.9997,0.590408,0.403297,-0.176834,0.9999,0.391723,0.385583,-0.213986,0.999,0.626297,0.617259,-0.18319,0.994,0.383582,0.614331,-0.500972,0.9929,0.559856,0.71456,-0.368098,0.9869,0.492988,0.492174,-0.908103,0.9922,0.540974,0.774347,-0.42869,0.9602,0.528032,0.476748,-0.997076,0.9746,0.522837,0.747306,-0.440568,0.9612,0.532518,0.443872,-0.973006,0.9735,0.525419,0.730943,-0.372151,0.9615,0.523092,0.446176,-0.904703,0.9702,0.546033,0.806655,0.011563,0.995,0.419442,0.799741,-0.01014,0.9928,0.547418,1.093002,0.074831,0.3119,0.425875,1.081569,0.204407,0.1839,0.543237,1.335876,0.477552,0.0107,0.427784,1.332541,0.638336,0.0063,0.542018,1.372638,0.505124,0.0135,0.4255,1.372265,0.67404,0.0052,0.533584,1.427289,0.250734,0.006,0.435446,1.421281,0.408451,0.005,0.564745,0.722052,0.0,0.543397,0.714045,-0.006881,0.52403,0.727924,-0.008628,0.512873,0.746345,-0.008901,0.504135,0.76118,-0.008257,0.536173,0.756194,-0.009902,0.517215,0.779905,-0.014649,0.502946,0.788603,-0.016533,0.492302,0.792816,-0.016878,0.543396,0.767764,-0.007449,0.523595,0.790384,-0.011687,0.508457,0.79798,-0.012545,0.496325,0.800496,-0.012465,0.546871,0.773998,-0.005248,0.528331,0.79475,-0.008368,0.513316,0.802084,-0.008619,0.501117,0.804959,-0.008126,0.547549,0.776902,-0.003623,0.53101,0.793753,-0.00551,0.518015,0.801272,-0.005376,0.507569,0.804212,-0.004603,0.481031,0.478493,0.0,0.483404,0.450273,0.000133,0.496186,0.430845,-7.3e-05,0.50928,0.422729,-0.000807,0.519475,0.420647,-0.001443,0.509439,0.428481,0.000394,0.527115,0.415381,-0.002481,0.53813,0.408401,-0.005013,0.546435,0.403472,-0.006635,0.517137,0.441709,-0.002334,0.53615,0.428059,-0.004034,0.548545,0.420047,-0.006311,0.558688,0.414199,-0.007951,0.522099,0.456888,-0.00526,0.5404,0.444033,-0.007029,0.551372,0.437213,-0.008099,0.56014,0.432069,-0.008883,0.524077,0.472772,-0.008248,0.538025,0.465005,-0.009313,0.546598,0.459936,-0.00831,0.553504,0.456052,-0.007335
36,1.2,0.485819,0.252064,-0.536342,0.9996,0.499855,0.224275,-0.50544,0.9994,0.508036,0.223996,-0.5055,0.9995,0.515103,0.224075,-0.505555,0.9995,0.47178,0.225322,-0.506017,0.9993,0.462056,0.226091,-0.505875,0.9992,0.45363,0.227094,-0.50603,0.9991,0.529164,0.234278,-0.278078,0.9996,0.447643,0.239279,-0.274069,0.999,0.502988,0.282035,-0.448971,0.9999,0.470203,0.283722,-0.448097,0.9998,0.590915,0.4028,-0.160612,0.9999,0.392528,0.386058,-0.167005,0.999,0.631928,0.615225,-0.173953,0.994,0.383438,0.620161,-0.445589,0.9929,0.560303,0.698965,-0.361275,0.987,0.481868,0.492637,-0.895668,0.9924,0.541938,0.754939,-0.423385,0.9603,0.519877,0.477046,-0.992195,0.9752,0.523628,0.732463,-0.434772,0.9612,0.52004,0.445289,-0.971692,0.974,0.526246,0.716151,-0.365204,0.9616,0.510049,0.446508,-0.896275,0.9707,0.551772,0.80701,0.002067,0.9949,0.422559,0.799913,-0.000486,0.9925,0.54929,1.09291,0.073253,0.2918,0.427348,1.084117,0.207579,0.1749,0.543701,1.335782,0.470787,0.01,0.42884,1.333938,0.627608,0.0059,0.542552,1.372553,0.497026,0.0125,0.427036,1.37348,0.662233,0.0049,0.533635,1.427121,0.239068,0.0056,0.436674,1.422281,0.397998,0.0048,0.566375,0.702271,0.0,0.544435,0.693779,-0.007975,0.524166,0.708889,-0.009875,0.513148,0.728368,-0.010077,0.506318,0.744562,-0.00941,0.538448,0.736874,-0.011636,0.519715,0.761226,-0.017252,0.50464,0.769417,-0.019717,0.493619,0.772231,-0.020389,0.546497,0.749043,-0.008732,0.527244,0.772648,-0.013499,0.5118,0.779642,-0.014706,0.499586,0.780728,-0.014874,0.550478,0.755245,-0.006186,0.532328,0.777347,-0.009794,0.517054,0.783686,-0.010596,0.505006,0.784795,-0.010461,0.551443,0.757717,-0.004295,0.535689,0.775802,-0.006884,0.522565,0.783164,-0.007468,0.511962,0.785232,-0.007208,0.474067,0.487136,0.0,0.475814,0.458174,-0.00113,0.489875,0.438538,-0.002142,0.505529,0.430717,-0.003238,0.517055,0.426345,-0.004159,0.500801,0.437323,-0.003403,0.521704,0.425661,-0.007359,0.534261,0.418891,-0.010231,0.543522,0.413382,-0.011874,0.509132,0.452026,-0.005468,0.531124,0.44042,-0.0076,0.545195,0.433732,-0.00943,0.555951,0.428079,-0.010841,0.514884,0.467744,-0.007647,0.534783,0.456613,-0.009301,0.546179,0.450415,-0.009352,0.554603,0.44474,-0.009525,0.517974,0.483323,-0.010044,0.533246,0.474477,-0.01101,0.541276,0.469069,-0.009414,0.546762,0.464227,-0.007998
37,1.23333,0.486416,0.251773,-0.480204,0.9996,0.500427,0.224246,-0.449183,0.9995,0.50846,0.223991,-0.449219,0.9995,0.515637,0.224082,-0.449218,0.9995,0.472397,0.225171,-0.45203,0.9994,0.462623,0.225924,-0.451814,0.9993,0.454044,0.226866,-0.451955,0.9992,0.529728,0.234287,-0.222102,0.9997,0.447702,0.238942,-0.2292,0.9991,0.503558,0.281594,-0.392753,0.9999,0.470427,0.282914,-0.395137,0.9998,0.590923,0.396715,-0.100117,0.9999,0.393075,0.385453,-0.128684,0.9991,0.635512,0.598632,-0.11515,0.9941,0.381251,0.620291,-0.397415,0.9932,0.56467,0.674579,-0.327945,0.9874,0.474813,0.493685,-0.843082,0.9928,0.546737,0.72192,-0.392562,0.9614,0.514279,0.482761,-0.935537,0.9765,0.528792,0.700497,-0.402074,0.9623,0.514144,0.454493,-0.921535,0.9752,0.531529,0.685247,-0.332423,0.9627,0.503972,0.452553,-0.845133,0.9721,0.55971,0.802776,0.003483,0.9947,0.429448,0.796244,-0.001933,0.9925,0.561607,1.079359,0.101048,0.2691,0.439758,1.079019,0.203298,0.1626,0.553626,1.32787,0.466531,0.0091,0.438165,1.333726,0.566047,0.0055,0.55376,1.365778,0.48868,0.0114,0.435292,1.373292,0.593002,0.0045,0.539835,1.419162,0.231951,0.0051,0.446391,1.420751,0.326128,0.0044,0.568527,0.681068,0.0,0.549207,0.670772,-0.010918,0.52769,0.682869,-0.015442,0.513513,0.701117,-0.017378,0.506587,0.718623,-0.018582,0.544604,0.706995,-0.021258,0.524752,0.733717,-0.029274,0.508847,0.743591,-0.032581,0.496953,0.748042,-0.033705,0.55238,0.721382,-0.017617,0.531554,0.747647,-0.024164,0.515178,0.755928,-0.025694,0.501982,0.757584,-0.02627,0.555533,0.729919,-0.01404,0.535893,0.753329,-0.018827,0.519867,0.760058,-0.019708,0.507004,0.761336,-0.019831,0.555315,0.734134,-0.01121,0.53806,0.75271,-0.014812,0.524343,0.760667,-0.015636,0.513036,0.763422,-0.015655,0.465881,0.496504,0.0,0.469308,0.468145,-0.001665,0.483885,0.448441,-0.003685,0.500306,0.440983,-0.005638,0.513213,0.438927,-0.007483,0.493045,0.450744,-0.006574,0.513923,0.440168,-0.011694,0.52631,0.435177,-0.015065,0.535593,0.431167,-0.016987,0.499998,0.466879,-0.008903,0.522451,0.456398,-0.012298,0.536257,0.450203,-0.014591,0.546565,0.444885,-0.016371,0.504505,0.483717,-0.01122,0.525363,0.475053,-0.014067,0.536886,0.468492,-0.014659,0.544841,0.462028,-0.015178,0.506825,0.499688,-0.013667,0.52319,0.492827,-0.015777,0.531744,0.486388,-0.014832,0.53732,0.47987,-0.013888
38,1.26667,0.48694,0.250866,-0.454084,0.9996,0.500819,0.224158,-0.423195,0.9995,0.508749,0.223955,-0.423193,0.9996,0.515979,0.224084,-0.423195,0.9996,0.473131,0.224937,-0.42561,0.9994,0.463528,0.225683,-0.425386,0.9994,0.454943,0.226594,-0.425564,0.9993,0.530026,0.234397,-0.201094,0.9997,0.447823,0.238828,-0.207794,0.9992,0.504062,0.280478,-0.368646,0.9999,0.470638,0.281549,-0.370732,0.9998,0.590951,0.395073,-0.087689,0.9999,0.39314,0.385121,-0.115996,0.9992,0.640419,0.587569,-0.124658,0.9942,0.372258,0.61402,-0.394538,0.993,0.566642,0.653595,-0.332082,0.9877,0.464227,0.50612,-0.83501,0.9926,0.548277,0.695138,-0.401901,0.9617,0.496612,0.505203,-0.925868,0.9756,0.531941,0.671064,-0.404069,0.9627,0.503485,0.481263,-0.91322,0.9742,0.534777,0.657405,-0.332841,0.9629,0.495034,0.479716,-0.837666,0.9712,0.559835,0.80086,0.003345,0.9943,0.431447,0.794361,-0.001701,0.9921,0.565166,1.075521,0.113972,0.2551,0.440488,1.077874,0.201421,0.1529,0.557934,1.326972,0.458391,0.0085,0.438794,1.334835,0.542242,0.0052,0.558877,1.365286,0.478283,0.0108,0.435913,1.376918,0.567645,0.0043,0.541085,1.419239,0.223836,0.0048,0.446154,1.420933,0.305251,0.0042,0.569226,0.662601,0.0,0.55298,0.646945,-0.010666,0.533918,0.650092,-0.016494,0.521047,0.663644,-0.020433,0.512589,0.678995,-0.023082,0.53936,0.687163,-0.018241,0.517099,0.716188,-0.027785,0.50682,0.71538,-0.031955,0.502732,0.706196,-0.032716,0.546832,0.701686,-0.014557,0.526468,0.72492,-0.021491,0.515456,0.725284,-0.023042,0.509066,0.719898,-0.02335,0.550376,0.71015,-0.011421,0.530815,0.729089,-0.016299,0.520324,0.72901,-0.01566,0.51433,0.725211,-0.014469,0.551628,0.714,-0.009105,0.533931,0.729977,-0.012063,0.523476,0.731613,-0.01111,0.517958,0.728911,-0.009541,0.460429,0.498527,-0.0,0.469206,0.473524,-0.001843,0.489422,0.458994,-0.003899,0.507189,0.45796,-0.005943,0.520074,0.460807,-0.007784,0.503227,0.464716,-0.004944,0.51816,0.462409,-0.009761,0.522835,0.462126,-0.013731,0.52521,0.460992,-0.016537,0.5042,0.481724,-0.007251,0.519771,0.481668,-0.010034,0.52352,0.481144,-0.01184,0.525129,0.479117,-0.013649,0.502801,0.499762,-0.009769,0.518079,0.499185,-0.012904,0.520936,0.498218,-0.011399,0.522092,0.496219,-0.010499,0.498819,0.517857,-0.012545,0.512194,0.515935,-0.014786,0.514748,0.515162,-0.01227,0.515058,0.514161,-0.010182
39,1.3,0.487521,0.250697,-0.414543,0.9997,0.50122,0.224166,-0.386061,0.9996,0.509005,0.22401,-0.386019,0.9996,0.516219,0.224206,-0.385961,0.9996,0.474042,0.224858,-0.388758,0.9995,0.464572,0.225557,-0.388597,0.9994,0.455914,0.226387,-0.388767,0.9994,0.530138,0.234723,-0.182792,0.9997,0.447901,0.238624,-0.189561,0.9992,0.504334,0.280341,-0.336741,0.9999,0.470897,0.281257,-0.338706,0.9998,0.589913,0.394385,-0.08829,0.9999,0.392037,0.385502,-0.095016,0.9992,0.642009,0.579763,-0.13288,0.9945,0.356534,0.614139,-0.32266,0.9935,0.568224,0.613401,-0.410511,0.9885,0.454986,0.529969,-0.70762,0.993,0.548382,0.651975,-0.485377,0.9637,0.487265,0.535117,-0.788675,0.9767,0.533026,0.629721,-0.486416,0.9645,0.494733,0.50685,-0.768803,0.9753,0.535878,0.615859,-0.413042,0.9647,0.487401,0.506461,-0.704828,0.9725,0.559171,0.801339,0.002271,0.9945,0.430862,0.794899,-0.000525,0.9925,0.563853,1.076102,0.105296,0.2393,0.439649,1.084396,0.218223,0.1443,0.556942,1.328697,0.395169,0.0079,0.437783,1.338912,0.556928,0.0048,0.558027,1.368195,0.412248,0.0099,0.434736,1.380116,0.583854,0.004,0.540634,1.422615,0.162696,0.0044,0.445603,1.429336,0.324205,0.0039,,,,,,,,,,,,,,,,,,,,,,,,,,,,,,,,,,,,,,,,,,,,,,,,,,,,,,,,,,,,,,,,,,,,,,,,,,,,,,,,,,,,,,,,,,,,,,,,,,,,,,,,,,,,,,,,,,,,,,,,,,,,,,
40,1.33333,0.488429,0.250343,-0.42072,0.9997,0.502042,0.224032,-0.392829,0.9996,0.509644,0.223903,-0.39276,0.9996,0.517298,0.224145,-0.392641,0.9996,0.474789,0.224567,-0.396317,0.9995,0.465256,0.225224,-0.396181,0.9995,0.456509,0.225983,-0.396363,0.9994,0.530907,0.234742,-0.190119,0.9997,0.447925,0.238505,-0.198309,0.9993,0.504994,0.280016,-0.34263,0.9999,0.471403,0.280989,-0.345095,0.9998,0.589928,0.39441,-0.092216,0.9999,0.392021,0.385508,-0.11524,0.9993,0.636475,0.577638,-0.213117,0.9944,0.358154,0.607615,-0.353042,0.994,0.568264,0.588494,-0.553558,0.989,0.453574,0.553293,-0.718176,0.9932,0.548416,0.61208,-0.638523,0.9651,0.487331,0.568872,-0.79824,0.977,0.536005,0.578983,-0.631492,0.9657,0.49404,0.538341,-0.782934,0.9756,0.539868,0.568575,-0.556853,0.9661,0.486837,0.533869,-0.717231,0.973,0.559084,0.801382,0.003936,0.9947,0.430661,0.794881,-0.002041,0.9929,0.568218,1.073319,0.125917,0.2241,0.440647,1.083241,0.244179,0.1384,0.564264,1.327798,0.42922,0.0072,0.438503,1.338661,0.604362,0.0046,0.566559,1.368053,0.442444,0.0091,0.435139,1.380283,0.63165,0.0038,0.544142,1.422298,0.18168,0.004,0.449447,1.428924,0.375474,0.0037,0.58839,0.583105,-0.0,0.573225,0.610493,-2.3e-05,0.551051,0.624509,-0.002348,0.533868,0.624821,-0.005211,0.521529,0.620127,-0.007104,0.538935,0.622537,-0.004358,0.517104,0.632481,-0.011023,0.519262,0.625321,-0.015834,0.526136,0.618818,-0.01785,0.538934,0.6034,-0.007261,0.518013,0.611492,-0.010751,0.520268,0.607391,-0.012768,0.528202,0.603171,-0.014159,0.54102,0.581804,-0.010167,0.522114,0.588267,-0.011786,0.524858,0.588374,-0.009534,0.532118,0.586919,-0.008121,0.544831,0.559749,-0.013143,0.528058,0.564669,-0.011733,0.530585,0.567978,-0.007271,0.536926,0.568491,-0.004134,0.429977,0.534084,-0.0,0.451924,0.513612,-0.001258,0.480237,0.51376,-0.005233,0.500227,0.528329,-0.009444,0.509939,0.544466,-0.013066,0.480624,0.523346,-0.013461,0.510609,0.540302,-0.021155,0.508477,0.542636,-0.024466,0.500406,0.539256,-0.02536,0.471366,0.540159,-0.016536,0.500111,0.557535,-0.021375,0.498567,0.556092,-0.021666,0.49117,0.550041,-0.022084,0.461802,0.55752,-0.019132,0.489586,0.572596,-0.022356,0.487571,0.568871,-0.018931,0.479847,0.560978,-0.016731,0.453047,0.572928,-0.021696,0.476956,0.583822,-0.02262,0.475329,0.581318,-0.017945,0.467997,0.575275,-0.014468
41,1.36667,0.488731,0.250155,-0.414421,0.9997,0.502319,0.22395,-0.387676,0.9996,0.509908,0.223832,-0.38765,0.9997,0.517698,0.224067,-0.387558,0.9997,0.475132,0.224426,-0.391876,0.9996,0.465582,0.225057,-0.391771,0.9995,0.456797,0.225778,-0.392004,0.9995,0.531167,0.234675,-0.184768,0.9997,0.447942,0.238184,-0.196456,0.9994,0.505184,0.279592,-0.335211,0.9999,0.471454,0.280664,-0.338909,0.9998,0.590081,0.392274,-0.07833,0.9999,0.390963,0.384103,-0.108346,0.9993,0.623273,0.581362,-0.226886,0.9942,0.35415,0.60033,-0.328145,0.994,0.568015,0.572007,-0.599597,0.9896,0.441734,0.569343,-0.713617,0.9928,0.548311,0.580419,-0.688319,0.9668,0.4623,0.592203,-0.794381,0.9757,0.539726,0.547137,-0.682161,0.9671,0.470823,0.563885,-0.79161,0.9742,0.54327,0.541683,-0.604665,0.9677,0.467012,0.555592,-0.719508,0.972,0.558696,0.798736,0.008534,0.9949,0.430425,0.794324,-0.006598,0.9933,0.569947,1.070086,0.128433,0.2071,0.43982,1.081573,0.23394,0.1296,0.566114,1.32715,0.432164,0.0065,0.438071,1.338617,0.593291,0.0042,0.569265,1.367998,0.450541,0.0083,0.434923,1.38015,0.618192,0.0036,0.543689,1.422166,0.193061,0.0037,0.449688,1.428595,0.365237,0.0035,0.576058,0.561936,-0.0,0.564727,0.580439,-0.006823,0.545018,0.590071,-0.011164,0.529656,0.586821,-0.015142,0.523449,0.576898,-0.01793,0.524822,0.55845,-0.003944,0.518662,0.542633,-0.010348,0.526232,0.546297,-0.015396,0.531796,0.554026,-0.018504,0.530445,0.541,-0.004689,0.526416,0.525132,-0.009445,0.53342,0.530807,-0.012762,0.538541,0.53959,-0.014603,0.539353,0.527237,-0.006542,0.536749,0.511618,-0.01184,0.543064,0.517675,-0.011979,0.547528,0.526249,-0.011299,0.550942,0.51691,-0.009016,0.54874,0.503488,-0.012873,0.554587,0.509184,-0.011583,0.55873,0.516163,-0.009728,0.416502,0.535153,0.0,0.440841,0.525673,0.000172,0.466087,0.537097,-0.003141,0.480776,0.560236,-0.007151,0.486848,0.581092,-0.010704,0.4709,0.541126,-0.008754,0.49323,0.578629,-0.016064,0.494656,0.589125,-0.019431,0.490697,0.589323,-0.020396,0.460487,0.555826,-0.012793,0.483735,0.588839,-0.017169,0.486864,0.596602,-0.017563,0.484909,0.59621,-0.017877,0.449784,0.570205,-0.01669,0.472496,0.600372,-0.019244,0.476332,0.603325,-0.016295,0.476067,0.598796,-0.014455,0.439355,0.583178,-0.02066,0.458602,0.603948,-0.020384,0.461172,0.604461,-0.015878,0.459972,0.59941,-0.012741
42,1.4,0.488805,0.250267,-0.348475,0.9997,0.502614,0.224036,-0.32522,0.9997,0.510142,0.224005,-0.325119,0.9997,0.517909,0.224264,-0.325013,0.9997,0.475465,0.224423,-0.324654,0.9996,0.465877,0.225018,-0.324448,0.9996,0.457033,0.225674,-0.324688,0.9995,0.531397,0.234942,-0.145529,0.9998,0.448011,0.238086,-0.139682,0.9994,0.505185,0.279629,-0.279287,0.9999,0.471347,0.280665,-0.277608,0.9999,0.590012,0.392386,-0.055519,0.9999,0.390258,0.382972,-0.054127,0.9994,0.623571,0.59916,-0.21495,0.9943,0.353949,0.59301,-0.261967,0.994,0.567966,0.543817,-0.542042,0.9904,0.428472,0.569874,-0.647444,0.9923,0.54828,0.530205,-0.616921,0.9689,0.445429,0.601987,-0.717614,0.9746,0.545394,0.495818,-0.599587,0.9691,0.45767,0.581033,-0.713966,0.973,0.547401,0.498142,-0.540034,0.9697,0.455764,0.567875,-0.652605,0.9713,0.555939,0.798649,0.007169,0.9947,0.427202,0.793952,-0.005176,0.9932,0.562954,1.070335,0.083069,0.1887,0.428896,1.078499,0.174188,0.1191,0.552038,1.327184,0.332683,0.0059,0.421145,1.332575,0.436388,0.0038,0.5557,1.367984,0.345414,0.0075,0.414719,1.375193,0.455287,0.0033,0.524549,1.422306,0.102841,0.0034,0.436304,1.423557,0.214657,0.0032,0.579769,0.535532,-0.0,0.573712,0.505687,-0.002778,0.560737,0.476902,-0.005755,0.553882,0.455842,-0.008962,0.552393,0.438984,-0.013086,0.547006,0.482078,-0.006544,0.528773,0.488336,-0.013261,0.526165,0.497983,-0.019444,0.530104,0.503141,-0.023431,0.545862,0.499854,-0.008438,0.528131,0.503041,-0.011999,0.52686,0.510127,-0.015378,0.532754,0.515022,-0.018821,0.546542,0.518972,-0.010445,0.528506,0.520249,-0.014457,0.527713,0.526477,-0.013896,0.533833,0.529684,-0.01397,0.547899,0.537192,-0.012578,0.532475,0.537811,-0.015858,0.531558,0.541598,-0.013662,0.53591,0.543302,-0.01184,0.414312,0.538592,0.0,0.441997,0.548558,0.002883,0.463684,0.57403,0.000676,0.474179,0.599247,-0.003032,0.478828,0.620868,-0.006611,0.469324,0.572186,-0.00548,0.478982,0.607183,-0.012585,0.479306,0.623975,-0.017137,0.478361,0.6317,-0.02004,0.457725,0.573871,-0.011441,0.46466,0.610284,-0.016079,0.464075,0.624424,-0.01771,0.463994,0.629397,-0.019963,0.443864,0.576086,-0.017233,0.449375,0.611166,-0.021182,0.447822,0.620501,-0.019667,0.447986,0.620379,-0.019342,0.429105,0.57876,-0.022975,0.434053,0.606698,-0.023973,0.433372,0.612222,-0.020983,0.432773,0.609749,-0.019456
43,1.43333,0.488795,0.250859,-0.326626,0.9998,0.502754,0.224354,-0.303968,0.9997,0.510289,0.224403,-0.303849,0.9997,0.518,0.224712,-0.303791,0.9997,0.475527,0.224544,-0.302773,0.9996,0.465905,0.225051,-0.30255,0.9996,0.457045,0.225671,-0.302803,0.9995,0.531546,0.235384,-0.120975,0.9998,0.448147,0.238057,-0.111858,0.9995,0.505092,0.279905,-0.255619,0.9999,0.470998,0.280997,-0.253096,0.9999,0.586579,0.392507,-0.021551,0.9999,0.390593,0.381719,-0.034026,0.9995,0.623726,0.621579,-0.212958,0.9947,0.355653,0.584294,-0.243194,0.994,0.565325,0.509496,-0.555565,0.9912,0.422298,0.56754,-0.632508,0.9915,0.54671,0.491407,-0.633387,0.971,0.437026,0.608754,-0.703562,0.9728,0.544151,0.457311,-0.604213,0.9711,0.451897,0.59377,-0.702585,0.9711,0.546381,0.462442,-0.549993,0.9716,0.45111,0.577595,-0.639055,0.9698,0.552384,0.798769,0.007787,0.9943,0.424458,0.793215,-0.005709,0.9931,0.551435,1.0749,0.042877,0.1717,0.415863,1.077732,0.134959,0.109,0.535363,1.335268,0.273861,0.0053,0.404903,1.333118,0.376049,0.0035,0.538557,1.375713,0.283826,0.0068,0.397215,1.375815,0.391631,0.003,0.507102,1.430417,0.032949,0.0031,0.420019,1.424883,0.136598,0.0029,0.574411,0.508972,-0.0,0.566926,0.479821,-0.002317,0.549814,0.460988,-0.004617,0.532663,0.463177,-0.007582,0.521812,0.471174,-0.011554,0.557238,0.440971,-0.004065,0.554829,0.421059,-0.010263,0.554248,0.404905,-0.015466,0.556246,0.390734,-0.019527,0.557395,0.453141,-0.00646,0.536947,0.460644,-0.013985,0.529896,0.477068,-0.017531,0.530641,0.488038,-0.019532,0.557307,0.47279,-0.009211,0.537176,0.479547,-0.017648,0.532765,0.492378,-0.018106,0.534889,0.499524,-0.016946,0.557983,0.494226,-0.01188,0.541423,0.49904,-0.019182,0.537627,0.506419,-0.019064,0.539355,0.510104,-0.017393,0.419381,0.546226,0.0,0.445516,0.562859,0.003708,0.46043,0.595457,0.002151,0.466295,0.627015,-0.000744,0.467956,0.651359,-0.003356,0.465353,0.593986,-0.004441,0.469909,0.63239,-0.008535,0.466264,0.651862,-0.010688,0.462288,0.661929,-0.011795,0.451805,0.597911,-0.009743,0.455017,0.638797,-0.011934,0.449607,0.652468,-0.011534,0.444626,0.655546,-0.012072,0.437236,0.600551,-0.014424,0.438878,0.636884,-0.014325,0.435358,0.636741,-0.009718,0.432679,0.629492,-0.007558,0.423137,0.602368,-0.019184,0.426781,0.631309,-0.015826,0.425965,0.628051,-0.009734,0.424136,0.618877,-0.006181
44,1.46667,0.489071,0.251683,-0.313724,0.9998,0.503338,0.224727,-0.290168,0.9997,0.510744,0.224802,-0.290075,0.9997,0.518457,0.225082,-0.289977,0.9997,0.476302,0.224771,-0.291016,0.9997,0.466577,0.225153,-0.29089,0.9996,0.457662,0.225691,-0.291134,0.9996,0.532068,0.235862,-0.109032,0.9998,0.448836,0.238073,-0.11029,0.9995,0.505104,0.280484,-0.243797,0.9999,0.471238,0.281708,-0.244397,0.9999,0.585317,0.39259,-0.006195,0.9999,0.391624,0.381683,-0.044851,0.9995,0.624039,0.619414,-0.20976,0.9951,0.363527,0.56546,-0.243594,0.9942,0.56436,0.474077,-0.547595,0.992,0.419257,0.568068,-0.596146,0.9915,0.546861,0.458254,-0.623639,0.9736,0.430571,0.613154,-0.661865,0.9733,0.543511,0.431751,-0.593545,0.9736,0.446624,0.602456,-0.664487,0.9717,0.545524,0.434932,-0.542073,0.9741,0.446832,0.587399,-0.603342,0.9707,0.548839,0.798858,0.013385,0.9946,0.422466,0.793022,-0.011468,0.9935,0.545462,1.074415,0.040425,0.1618,0.415233,1.071917,0.084844,0.1059,0.53245,1.335064,0.256466,0.0049,0.407724,1.327584,0.287869,0.0033,0.536025,1.375587,0.265519,0.0062,0.400652,1.368732,0.299454,0.0029,0.504912,1.429022,0.033782,0.0028,0.422698,1.417402,0.061059,0.0027,0.55889,0.476203,-0.0,0.558305,0.455478,-0.006433,0.554706,0.434778,-0.010039,0.548633,0.42294,-0.014086,0.546702,0.415112,-0.018842,0.553576,0.423649,-0.00976,0.551797,0.39972,-0.017309,0.552413,0.381455,-0.022901,0.553744,0.367298,-0.026515,0.546178,0.430645,-0.010212,0.54065,0.441142,-0.022123,0.539704,0.458695,-0.028366,0.540722,0.472727,-0.030862,0.540642,0.441365,-0.011097,0.533819,0.450152,-0.023131,0.53357,0.465183,-0.02577,0.53512,0.479058,-0.024959,0.536103,0.451894,-0.012237,0.5274,0.453731,-0.021014,0.523091,0.459094,-0.022156,0.521005,0.465563,-0.020976,0.425052,0.549655,0.0,0.449382,0.570657,0.00274,0.46035,0.604016,0.001622,0.460696,0.635486,-0.000664,0.457687,0.659701,-0.00244,0.463596,0.605099,-0.000826,0.461241,0.64197,-0.003472,0.458208,0.658732,-0.004714,0.456461,0.67006,-0.005668,0.449652,0.607817,-0.005093,0.446159,0.64781,-0.00777,0.442849,0.646634,-0.006893,0.441595,0.637717,-0.006243,0.435612,0.608992,-0.009086,0.43342,0.641936,-0.009341,0.431455,0.634409,-0.004067,0.431267,0.622591,-0.000908,0.422505,0.608201,-0.013286,0.422386,0.633913,-0.010321,0.421333,0.626226,-0.004376,0.421163,0.614805,-0.000669
45,1.5,0.489443,0.252042,-0.357942,0.9998,0.503962,0.224874,-0.333377,0.9997,0.511351,0.224937,-0.333284,0.9998,0.519057,0.225185,-0.33321,0.9998,0.476766,0.224942,-0.333674,0.9997,0.466985,0.225252,-0.333521,0.9997,0.458015,0.225747,-0.333743,0.9996,0.532618,0.23587,-0.142633,0.9998,0.4491,0.238043,-0.142157,0.9996,0.505203,0.280525,-0.284709,0.9999,0.471363,0.282042,-0.284394,0.9999,0.584929,0.392492,-0.035913,0.9999,0.392512,0.381652,-0.065155,0.9995,0.623959,0.622279,-0.275674,0.9952,0.365208,0.572723,-0.281233,0.9938,0.563044,0.463033,-0.639903,0.9927,0.422136,0.57183,-0.654761,0.991,0.547224,0.441782,-0.719972,0.9757,0.436162,0.614267,-0.725481,0.9722,0.54339,0.414737,-0.680643,0.9756,0.450209,0.598961,-0.722434,0.9706,0.544836,0.420063,-0.632021,0.9761,0.449544,0.583292,-0.660531,0.9699,0.544344,0.799524,0.012813,0.9947,0.419319,0.793057,-0.0109,0.9937,0.543495,1.074232,0.05045,0.1481,0.413307,1.069199,0.124377,0.0979,0.531168,1.333633,0.310978,0.0044,0.406134,1.320623,0.392053,0.003,0.534657,1.374226,0.323986,0.0057,0.399174,1.362706,0.411285,0.0027,0.503378,1.426456,0.081786,0.0026,0.420863,1.409325,0.164541,0.0025,0.557773,0.458592,0.0,0.5401,0.446292,-0.004415,0.528477,0.436099,-0.010028,0.518768,0.434056,-0.016061,0.510891,0.43533,-0.023081,0.544315,0.408775,-0.011405,0.542153,0.390712,-0.019369,0.541955,0.374323,-0.026326,0.543176,0.360952,-0.031529,0.552724,0.418118,-0.013921,0.53913,0.425083,-0.023214,0.527344,0.436226,-0.027895,0.520551,0.444618,-0.030827,0.559392,0.433102,-0.016526,0.545703,0.438678,-0.025529,0.536463,0.447184,-0.02636,0.530542,0.454141,-0.025969,0.564393,0.448855,-0.019376,0.55464,0.454076,-0.027585,0.547809,0.460256,-0.027582,0.54354,0.464969,-0.026047,0.432869,0.550136,0.0,0.454041,0.56961,0.001996,0.463808,0.602123,0.000413,0.462937,0.631098,-0.001953,0.457854,0.65266,-0.003792,0.468316,0.603534,-0.003524,0.467181,0.638953,-0.006607,0.462894,0.655283,-0.007679,0.459441,0.665766,-0.008395,0.453816,0.605135,-0.007751,0.44784,0.642859,-0.01195,0.445336,0.636983,-0.011027,0.446377,0.624555,-0.00961,0.438856,0.605507,-0.011565,0.435355,0.635341,-0.013127,0.433708,0.627204,-0.007937,0.43448,0.615904,-0.004345,0.424908,0.604722,-0.015478,0.424452,0.627438,-0.013325,0.423666,0.619389,-0.007336,0.42364,0.609247,-0.003322
46,1.53333,0.489785,0.252215,-0.364058,0.9998,0.504562,0.224888,-0.339559,0.9998,0.511889,0.224951,-0.339459,0.9998,0.519703,0.225191,-0.33939,0.9998,0.47726,0.224952,-0.338908,0.9997,0.467425,0.22525,-0.338726,0.9997,0.458447,0.225729,-0.338961,0.9996,0.533534,0.23571,-0.147882,0.9998,0.449386,0.237737,-0.141831,0.9996,0.505341,0.280609,-0.290053,0.9999,0.471476,0.282333,-0.288388,0.9999,0.586196,0.392249,-0.038857,0.9999,0.39431,0.38056,-0.065827,0.9996,0.624186,0.621647,-0.286223,0.9953,0.366561,0.571063,-0.29794,0.9932,0.558349,0.469433,-0.652379,0.9933,0.426168,0.567421,-0.672656,0.9899,0.539972,0.448915,-0.734455,0.9775,0.441553,0.603875,-0.748526,0.9694,0.540937,0.414048,-0.693818,0.9773,0.45541,0.5886,-0.742582,0.9677,0.541206,0.421984,-0.643481,0.9777,0.454037,0.574118,-0.674728,0.9673,0.544575,0.799572,0.012566,0.9945,0.419259,0.79298,-0.010645,0.9936,0.543111,1.074114,0.054149,0.1371,0.413032,1.066419,0.13333,0.0913,0.531016,1.332184,0.326159,0.0041,0.406365,1.317688,0.399861,0.0027,0.534212,1.372402,0.339519,0.0053,0.399701,1.360029,0.418444,0.0025,0.503426,1.423975,0.09317,0.0024,0.420111,1.405578,0.167782,0.0024,0.550089,0.447948,-0.0,0.537836,0.427061,-0.003242,0.52902,0.409909,-0.007121,0.523108,0.399963,-0.011327,0.518153,0.394384,-0.016781,0.540003,0.399454,-0.011815,0.533701,0.384758,-0.019413,0.530619,0.372591,-0.025559,0.528256,0.361971,-0.030196,0.546975,0.411768,-0.014994,0.529847,0.416602,-0.023268,0.514195,0.423702,-0.027389,0.502663,0.429618,-0.030623,0.55162,0.429267,-0.018134,0.533929,0.432759,-0.026582,0.520371,0.438163,-0.027931,0.50983,0.443428,-0.028527,0.553922,0.447184,-0.021357,0.540109,0.451259,-0.029071,0.529884,0.455006,-0.029516,0.521648,0.458728,-0.028964,0.438821,0.54326,-0.0,0.46115,0.561961,0.001054,0.472355,0.593318,-0.000572,0.472739,0.623717,-0.003009,0.467527,0.646804,-0.004651,0.473773,0.595256,-0.002357,0.471899,0.63025,-0.006589,0.468847,0.63756,-0.008263,0.467289,0.639814,-0.009003,0.459812,0.596826,-0.006158,0.455239,0.632062,-0.009976,0.453471,0.624727,-0.009297,0.454149,0.612726,-0.008319,0.445406,0.597701,-0.010003,0.442979,0.626198,-0.01192,0.441772,0.617697,-0.007252,0.441957,0.606474,-0.004083,0.431636,0.597252,-0.014038,0.432225,0.619343,-0.01293,0.431272,0.610028,-0.007649,0.430577,0.599239,-0.004047
47,1.56667,0.489824,0.252725,-0.392417,0.9998,0.504585,0.225296,-0.369143,0.9998,0.511926,0.225365,-0.369034,0.9998,0.519697,0.225683,-0.369013,0.9998,0.477452,0.225224,-0.364249,0.9997,0.46785,0.225423,-0.363977,0.9997,0.459043,0.225881,-0.364155,0.9997,0.533504,0.235756,-0.164806,0.9998,0.450152,0.237727,-0.150643,0.9996,0.505312,0.280935,-0.312454,0.9999,0.471559,0.282794,-0.304542,0.9999,0.586216,0.389323,-0.057225,0.9999,0.397846,0.378878,-0.071484,0.9996,0.623071,0.620687,-0.326237,0.9952,0.375213,0.563968,-0.35388,0.9907,0.550999,0.466292,-0.690388,0.9938,0.432469,0.551483,-0.79838,0.9873,0.533183,0.450158,-0.775916,0.9792,0.445098,0.59813,-0.881272,0.9634,0.535118,0.413164,-0.741397,0.9789,0.459344,0.580902,-0.871319,0.9614,0.533355,0.421762,-0.683595,0.9792,0.461408,0.568992,-0.804865,0.9615,0.54773,0.795222,0.008004,0.9945,0.420158,0.788948,-0.00608,0.9935,0.548547,1.069533,0.090717,0.1265,0.420837,1.060089,0.165957,0.0844,0.539315,1.323964,0.389546,0.0037,0.414606,1.312868,0.470303,0.0025,0.542646,1.36368,0.406082,0.0049,0.408364,1.356378,0.492541,0.0024,0.511203,1.414931,0.144729,0.0023,0.424603,1.398596,0.22373,0.0023,0.542994,0.44882,-0.0,0.531598,0.427725,-0.003112,0.523136,0.408738,-0.005801,0.518731,0.393911,-0.008237,0.515758,0.38059,-0.011443,0.531441,0.399963,-0.011933,0.514267,0.405476,-0.018572,0.503257,0.418086,-0.022663,0.495944,0.427964,-0.024855,0.538258,0.412686,-0.013971,0.515837,0.420971,-0.018558,0.501856,0.430007,-0.021441,0.492401,0.437954,-0.024426,0.542569,0.428117,-0.015908,0.521011,0.43535,-0.021908,0.507294,0.442342,-0.023858,0.498521,0.44916,-0.025316,0.544507,0.444627,-0.017715,0.527193,0.451842,-0.023935,0.51476,0.455819,-0.024854,0.505936,0.460214,-0.024931,0.444515,0.5293,0.0,0.465543,0.545984,0.001613,0.475814,0.576185,-0.000131,0.474994,0.60304,-0.002472,0.47012,0.623245,-0.004387,0.481806,0.575757,-0.006272,0.481746,0.612265,-0.010548,0.47737,0.630556,-0.011977,0.472462,0.6417,-0.012523,0.467709,0.578071,-0.010291,0.46445,0.617226,-0.01467,0.460699,0.615196,-0.013475,0.458654,0.605207,-0.011874,0.452135,0.57983,-0.013837,0.449791,0.611282,-0.016009,0.447944,0.603452,-0.010977,0.447492,0.591954,-0.00719,0.436758,0.580891,-0.017435,0.437681,0.60616,-0.016266,0.436693,0.598178,-0.01047,0.435594,0.587423,-0.006267
48,1.6,0.489819,0.253067,-0.417198,0.9998,0.504533,0.22569,-0.393379,0.9998,0.511923,0.225671,-0.393322,0.9998,0.519588,0.225991,-0.39327,0.9998,0.477457,0.225743,-0.387664,0.9997,0.46795,0.22592,-0.387369,0.9997,0.459303,0.226472,-0.387567,0.9997,0.533217,0.235913,-0.185436,0.9998,0.45081,0.23781,-0.151609,0.9996,0.50529,0.281073,-0.336079,0.9999,0.471727,0.28291,-0.326832,0.9999,0.586277,0.388202,-0.100433,0.9999,0.399492,0.378853,-0.069717,0.9995,0.619834,0.613153,-0.369177,0.9948,0.376917,0.566605,-0.36471,0.9881,0.533115,0.466076,-0.713052,0.9942,0.435964,0.530319,-0.802031,0.9837,0.516639,0.459417,-0.794206,0.9802,0.445733,0.573106,-0.88115,0.9543,0.509333,0.433266,-0.758523,0.9798,0.465679,0.55837,-0.867409,0.952,0.510255,0.435852,-0.704476,0.9801,0.467882,0.545864,-0.806684,0.9527,0.550134,0.79521,-0.002875,0.994,0.422122,0.78899,0.004695,0.993,0.55175,1.068785,0.102852,0.1181,0.425542,1.059941,0.21436,0.0787,0.542299,1.322236,0.408518,0.0035,0.418751,1.313606,0.552231,0.0024,0.545155,1.361778,0.425684,0.0047,0.412963,1.356998,0.577851,0.0023,0.514914,1.413319,0.157257,0.0022,0.426537,1.399096,0.307613,0.0022,0.537275,0.457172,0.0,0.518412,0.44619,-0.001375,0.504325,0.435113,-0.005662,0.497081,0.429874,-0.010306,0.494473,0.429887,-0.016,0.51043,0.409501,-0.012032,0.503566,0.393308,-0.020727,0.499105,0.376745,-0.027785,0.496152,0.362949,-0.032703,0.517769,0.416339,-0.015521,0.499792,0.429352,-0.02311,0.485588,0.443996,-0.02781,0.476435,0.457548,-0.031965,0.523961,0.431683,-0.018763,0.503881,0.445836,-0.025707,0.491519,0.456849,-0.027338,0.483742,0.466364,-0.02853,0.528451,0.449218,-0.021901,0.512159,0.46125,-0.028705,0.501884,0.470409,-0.029781,0.494143,0.477731,-0.029923,0.445437,0.514055,0.0,0.467127,0.530235,0.000749,0.479324,0.560555,-0.001065,0.481787,0.589035,-0.00343,0.479889,0.611281,-0.005249,0.485253,0.558123,-0.005374,0.484277,0.592917,-0.009714,0.480188,0.611442,-0.01167,0.475982,0.624118,-0.012751,0.471735,0.560586,-0.008954,0.469211,0.59878,-0.013177,0.464529,0.602566,-0.013148,0.460835,0.597808,-0.01275,0.456847,0.5628,-0.012209,0.454192,0.593694,-0.01504,0.451915,0.586678,-0.011187,0.451119,0.575183,-0.008207,0.442043,0.564387,-0.015567,0.442298,0.5889,-0.01546,0.441269,0.58123,-0.010773,0.440419,0.56985,-0.007264
49,1.63333,0.489682,0.253047,-0.42232,0.9998,0.50431,0.225697,-0.398408,0.9998,0.511874,0.225676,-0.398342,0.9998,0.519423,0.225999,-0.398265,0.9998,0.477176,0.225774,-0.392588,0.9997,0.467799,0.225978,-0.392319,0.9997,0.459234,0.226563,-0.392505,0.9997,0.533077,0.23592,-0.196057,0.9998,0.45086,0.237841,-0.152584,0.9996,0.505296,0.281042,-0.34386,0.9999,0.471712,0.282907,-0.334465,0.9999,0.587848,0.388215,-0.115555,0.9998,0.39933,0.378875,-0.069055,0.9995,0.620131,0.611005,-0.358058,0.9946,0.372971,0.571958,-0.365019,0.988,0.523358,0.471061,-0.669824,0.9946,0.438885,0.515793,-0.792868,0.9833,0.501481,0.471963,-0.745892,0.9812,0.459473,0.527919,-0.870746,0.9518,0.491857,0.44484,-0.708574,0.9806,0.472973,0.502355,-0.850816,0.949,0.495886,0.444207,-0.659303,0.9809,0.47153,0.497739,-0.794039,0.9502,0.551275,0.79534,-0.008311,0.9937,0.422132,0.789294,0.010199,0.9926,0.552063,1.071154,0.107273,0.1092,0.424695,1.06496,0.247005,0.0734,0.543041,1.326298,0.430228,0.0032,0.418695,1.320045,0.606517,0.0022,0.546132,1.367658,0.448984,0.0044,0.412984,1.363632,0.634974,0.0022,0.515688,1.417713,0.177226,0.002,0.426803,1.410028,0.362181,0.0021,0.506775,0.442362,-0.0,0.492702,0.437941,-0.003128,0.483008,0.430891,-0.007542,0.475313,0.422371,-0.011793,0.470399,0.414325,-0.017084,0.49828,0.427519,-0.014103,0.483968,0.449376,-0.021541,0.474496,0.463323,-0.027841,0.467917,0.47469,-0.032261,0.5077,0.435695,-0.016789,0.492333,0.459628,-0.022378,0.480897,0.474609,-0.026748,0.472339,0.486689,-0.031739,0.513195,0.44578,-0.019148,0.498783,0.469783,-0.02458,0.486582,0.48224,-0.026249,0.47761,0.491876,-0.028654,0.515786,0.457834,-0.021635,0.506463,0.47681,-0.026283,0.497677,0.487395,-0.026506,0.490406,0.496121,-0.02755,0.453814,0.508262,0.0,0.474083,0.520837,-0.002322,0.487115,0.541933,-0.007451,0.488379,0.563814,-0.013632,0.486668,0.582311,-0.020648,0.491998,0.524807,-0.01049,0.493498,0.564357,-0.020388,0.491385,0.587336,-0.027671,0.488632,0.603846,-0.031999,0.476254,0.519428,-0.014884,0.47815,0.559409,-0.022798,0.472968,0.580922,-0.025176,0.468731,0.593127,-0.026727,0.459807,0.516961,-0.01946,0.46138,0.554416,-0.026895,0.459272,0.567764,-0.024441,0.456215,0.572003,-0.021692,0.444863,0.518767,-0.024443,0.446431,0.549042,-0.027965,0.447152,0.561792,-0.023646,0.446065,0.565868,-0.019933
50,1.66667,0.489537,0.252967,-0.444159,0.9998,0.504128,0.225541,-0.420894,0.9998,0.511852,0.225485,-0.42082,0.9998,0.519315,0.225816,-0.4207,0.9998,0.476801,0.225701,-0.416097,0.9997,0.467536,0.225932,-0.415891,0.9997,0.459059,0.226543,-0.416058,0.9997,0.532992,0.235551,-0.217065,0.9998,0.45086,0.237738,-0.186605,0.9996,0.505376,0.280758,-0.365153,0.9999,0.471713,0.282412,-0.358033,0.9999,0.587877,0.387775,-0.129865,0.9998,0.398562,0.378744,-0.072755,0.9995,0.615081,0.611574,-0.345753,0.9939,0.372396,0.580474,-0.365966,0.9878,0.515884,0.483976,-0.650409,0.9946,0.439058,0.514362,-0.803926,0.9827,0.491477,0.485017,-0.723909,0.9809,0.459706,0.522131,-0.882912,0.9494,0.482277,0.456769,-0.690484,0.9801,0.473023,0.492954,-0.865019,0.9463,0.488054,0.456435,-0.641519,0.9805,0.471207,0.487357,-0.806469,0.948,0.551862,0.79545,-0.008454,0.9934,0.422514,0.790129,0.010335,0.9923,0.55687,1.072808,0.132473,0.1006,0.4275,1.070883,0.226385,0.0688,0.549341,1.329551,0.483634,0.003,0.422824,1.328252,0.564662,0.002,0.552692,1.371974,0.505154,0.0041,0.417345,1.372364,0.590732,0.0021,0.524257,1.421773,0.2408,0.0018,0.432637,1.420221,0.320032,0.002,0.520956,0.472222,0.0,0.499633,0.461278,-0.000762,0.481014,0.448792,-0.004161,0.468039,0.43826,-0.007964,0.459472,0.428099,-0.012973,0.487179,0.437126,-0.010932,0.47414,0.424657,-0.017892,0.463948,0.416905,-0.02268,0.456237,0.411339,-0.025953,0.496295,0.443464,-0.0146,0.476547,0.458253,-0.020443,0.467395,0.472688,-0.022776,0.464092,0.483906,-0.02512,0.504985,0.457518,-0.017985,0.483925,0.472848,-0.024292,0.475297,0.482614,-0.023525,0.472586,0.489278,-0.022736,0.512013,0.475282,-0.021115,0.493859,0.487265,-0.026735,0.486821,0.492021,-0.025512,0.484292,0.494687,-0.024019,,,,,,,,,,,,,,,,,,,,,,,,,,,,,,,,,,,,,,,,,,,,,,,,,,,,,,,,,,,,,,,
51,1.7,0.488606,0.252639,-0.435931,0.9998,0.50323,0.225111,-0.412562,0.9997,0.511461,0.224973,-0.412488,0.9997,0.518741,0.225313,-0.41238,0.9997,0.47524,0.225449,-0.408398,0.9997,0.466065,0.225761,-0.408197,0.9997,0.458066,0.226451,-0.40838,0.9996,0.532685,0.234732,-0.214898,0.9998,0.450772,0.237674,-0.18538,0.9996,0.505354,0.280292,-0.358314,0.9999,0.471321,0.281844,-0.351929,0.9999,0.588451,0.386394,-0.129684,0.9998,0.39827,0.377819,-0.074358,0.9995,0.6159,0.605159,-0.348768,0.9935,0.369125,0.582463,-0.364848,0.9883,0.511603,0.479876,-0.639271,0.9947,0.439101,0.508187,-0.788099,0.9832,0.488505,0.484997,-0.710979,0.9805,0.460447,0.517073,-0.865845,0.9499,0.479837,0.458046,-0.680721,0.9793,0.473592,0.488246,-0.855606,0.9465,0.484686,0.456984,-0.629346,0.98,0.47124,0.481587,-0.790404,0.9484,0.553733,0.794256,-0.00858,0.9928,0.422828,0.789977,0.010438,0.9918,0.5571,1.072838,0.129898,0.0926,0.427255,1.070777,0.220063,0.0646,0.549106,1.329716,0.470608,0.0027,0.422146,1.328149,0.55075,0.0018,0.552357,1.372166,0.491281,0.0038,0.416472,1.372216,0.576238,0.0019,0.52417,1.42195,0.230325,0.0017,0.432637,1.420162,0.307174,0.0019,0.522482,0.474578,0.0,0.501209,0.464094,-0.000371,0.483127,0.458982,-0.003441,0.471125,0.461072,-0.007008,0.461709,0.464315,-0.0115,0.488861,0.432712,-0.009575,0.478978,0.419476,-0.016401,0.471905,0.408003,-0.02137,0.4653,0.398372,-0.024945,0.49767,0.438629,-0.013338,0.478712,0.450116,-0.020124,0.467753,0.463746,-0.022945,0.461047,0.475025,-0.025033,0.505418,0.45333,-0.016769,0.485709,0.46855,-0.023005,0.476189,0.478549,-0.022742,0.470943,0.485883,-0.021952,0.511444,0.471326,-0.02002,0.493777,0.481881,-0.02546,0.484475,0.48853,-0.0249,0.478866,0.493382,-0.023488,,,,,,,,,,,,,,,,,,,,,,,,,,,,,,,,,,,,,,,,,,,,,,,,,,,,,,,,,,,,,,,
52,1.73333,0.487689,0.251712,-0.437977,0.9998,0.502271,0.224337,-0.413911,0.9997,0.510933,0.224118,-0.413839,0.9997,0.518153,0.224455,-0.413715,0.9997,0.474131,0.22487,-0.41043,0.9997,0.465044,0.225308,-0.41023,0.9997,0.45735,0.226133,-0.410388,0.9996,0.532171,0.233877,-0.213533,0.9998,0.45059,0.237559,-0.18994,0.9996,0.505285,0.279323,-0.360026,0.9999,0.470804,0.280718,-0.35445,0.9999,0.588497,0.385327,-0.122015,0.9998,0.39669,0.377985,-0.079683,0.9995,0.616529,0.60519,-0.338179,0.9934,0.365445,0.596132,-0.365463,0.9887,0.518142,0.479845,-0.653469,0.995,0.439147,0.511744,-0.786691,0.9836,0.494699,0.485476,-0.729101,0.9813,0.461874,0.520533,-0.86478,0.9504,0.484942,0.458773,-0.692688,0.9801,0.473733,0.490253,-0.848043,0.9468,0.490176,0.456918,-0.643344,0.9808,0.471257,0.487624,-0.787545,0.9488,0.55688,0.794386,-0.007625,0.9924,0.424729,0.791092,0.00948,0.9915,0.561536,1.073828,0.141094,0.0852,0.430157,1.074308,0.222121,0.0604,0.555691,1.331216,0.499013,0.0025,0.427506,1.332209,0.561613,0.0017,0.559579,1.373749,0.521663,0.0035,0.42192,1.375893,0.588839,0.0018,0.532207,1.423738,0.262377,0.0016,0.44125,1.425501,0.318277,0.0018,0.527835,0.472715,-0.0,0.506663,0.460933,-0.000123,0.48876,0.454787,-0.002796,0.477212,0.457662,-0.006146,0.470076,0.46624,-0.010616,0.492114,0.43312,-0.0093,0.480721,0.419835,-0.015236,0.472201,0.410036,-0.019257,0.464216,0.401677,-0.022448,0.500733,0.439672,-0.013335,0.480582,0.450729,-0.020376,0.469852,0.465585,-0.023116,0.463773,0.477926,-0.024983,0.50865,0.453951,-0.016975,0.488786,0.467657,-0.023602,0.478646,0.478564,-0.024488,0.472588,0.487211,-0.024442,0.515194,0.470843,-0.020391,0.49789,0.4815,-0.025783,0.488231,0.487907,-0.026057,0.481801,0.493277,-0.025435,0.462016,0.501821,-0.0,0.48092,0.504961,-0.002118,0.492384,0.512921,-0.007681,0.494441,0.523048,-0.0147,0.490506,0.534232,-0.022622,0.494276,0.506339,-0.010119,0.495066,0.540369,-0.021515,0.493158,0.55749,-0.030237,0.490772,0.570544,-0.035345,0.480576,0.503762,-0.01466,0.479093,0.545681,-0.022393,0.476033,0.546898,-0.025081,0.474208,0.542368,-0.027505,0.46614,0.502727,-0.019733,0.46503,0.542304,-0.026829,0.463848,0.539313,-0.026007,0.464458,0.53121,-0.024946,0.453337,0.502385,-0.025323,0.451406,0.532676,-0.029349,0.451697,0.532215,-0.026985,0.45187,0.526219,-0.02494
53,1.76667,0.487509,0.25104,-0.435792,0.9998,0.502022,0.224009,-0.411576,0.9997,0.510743,0.22379,-0.411505,0.9997,0.517869,0.224127,-0.411391,0.9997,0.474006,0.224587,-0.408948,0.9997,0.464924,0.225091,-0.408777,0.9997,0.45721,0.225959,-0.408951,0.9997,0.531652,0.23344,-0.210208,0.9998,0.450491,0.237396,-0.190296,0.9996,0.505269,0.278536,-0.357137,0.9999,0.470741,0.279858,-0.352506,0.9999,0.588553,0.384053,-0.115505,0.9998,0.394859,0.37854,-0.079959,0.9996,0.621557,0.605107,-0.337469,0.9935,0.365166,0.606901,-0.363185,0.9891,0.520053,0.481909,-0.642879,0.9951,0.43965,0.514228,-0.781946,0.9842,0.498973,0.485767,-0.718215,0.9817,0.463959,0.517638,-0.864094,0.9515,0.489558,0.45708,-0.6848,0.9803,0.47373,0.485016,-0.841194,0.9477,0.49433,0.454638,-0.633849,0.9811,0.471137,0.484324,-0.7843,0.9498,0.56127,0.794427,-0.006275,0.9925,0.428296,0.793205,0.008137,0.9916,0.568251,1.075545,0.131432,0.0795,0.435319,1.077821,0.21807,0.0579,0.562385,1.33507,0.476425,0.0023,0.434259,1.338015,0.556384,0.0016,0.56599,1.377912,0.497542,0.0032,0.429003,1.381429,0.58314,0.0018,0.539827,1.427585,0.238335,0.0015,0.448722,1.431759,0.306714,0.0018,0.531541,0.476088,-0.0,0.511605,0.462817,0.000777,0.494574,0.455444,-0.001968,0.483075,0.455639,-0.00546,0.475419,0.460728,-0.010052,0.496487,0.434261,-0.009483,0.48274,0.421623,-0.016013,0.472857,0.411345,-0.020418,0.464401,0.402638,-0.023645,0.503823,0.441452,-0.013721,0.480961,0.453446,-0.020789,0.470702,0.468234,-0.023185,0.465841,0.480219,-0.024735,0.510568,0.456489,-0.017472,0.489046,0.470581,-0.02378,0.479764,0.481081,-0.023737,0.475628,0.489538,-0.023046,0.516303,0.474078,-0.020972,0.498474,0.484006,-0.026183,0.489134,0.490389,-0.025987,0.483924,0.496243,-0.024937,0.492593,0.482287,-0.0,0.490658,0.459863,-0.006207,0.483467,0.441802,-0.011815,0.476957,0.424247,-0.017624,0.470405,0.408794,-0.023461,0.475248,0.4667,-0.009409,0.469809,0.488883,-0.016469,0.469489,0.491957,-0.023455,0.468754,0.493066,-0.028443,0.47694,0.489747,-0.010908,0.47041,0.525674,-0.016858,0.470014,0.526603,-0.021477,0.470933,0.526154,-0.026191,0.480637,0.507884,-0.012547,0.476825,0.540865,-0.020051,0.476494,0.54106,-0.020904,0.476163,0.539485,-0.021412,0.484205,0.521744,-0.014788,0.483032,0.553147,-0.021009,0.484537,0.559807,-0.020138,0.485623,0.563868,-0.019235
54,1.8,0.487239,0.250618,-0.433912,0.9998,0.501613,0.223801,-0.40956,0.9997,0.510415,0.223606,-0.409487,0.9997,0.517518,0.223966,-0.409379,0.9997,0.473706,0.224348,-0.407417,0.9997,0.464635,0.224895,-0.407254,0.9997,0.456969,0.22577,-0.407439,0.9997,0.530975,0.23333,-0.20826,0.9998,0.450285,0.237186,-0.192159,0.9996,0.505182,0.278154,-0.355284,0.9999,0.470593,0.279406,-0.351244,0.9999,0.587194,0.382746,-0.113895,0.9998,0.39412,0.378667,-0.08554,0.9996,0.621628,0.59749,-0.322991,0.9934,0.365215,0.604843,-0.361755,0.9895,0.522644,0.484584,-0.639936,0.9951,0.441007,0.515427,-0.769804,0.9843,0.499899,0.486851,-0.716584,0.9813,0.466406,0.52196,-0.84835,0.9513,0.489262,0.458925,-0.684528,0.9797,0.474459,0.488998,-0.82671,0.9475,0.494699,0.457312,-0.632141,0.9805,0.471444,0.488232,-0.769919,0.9496,0.560922,0.793426,-0.00567,0.9924,0.428736,0.793009,0.007519,0.9916,0.568172,1.074263,0.129872,0.0756,0.436315,1.077671,0.220562,0.0564,0.562727,1.333369,0.471624,0.0021,0.436255,1.337748,0.561047,0.0015,0.566054,1.37594,0.492536,0.003,0.431423,1.381265,0.58761,0.0017,0.540476,1.426582,0.233637,0.0014,0.450303,1.430944,0.318616,0.0017,0.536751,0.476484,-0.0,0.519607,0.456785,0.0009,0.501417,0.449746,-0.001309,0.487953,0.453174,-0.004549,0.478973,0.460927,-0.008981,0.498342,0.438705,-0.007102,0.483207,0.427321,-0.013197,0.472492,0.418507,-0.017285,0.463651,0.411068,-0.020277,0.503519,0.448481,-0.011088,0.480346,0.460328,-0.018284,0.471492,0.475,-0.020857,0.468453,0.485953,-0.022356,0.509261,0.464283,-0.014692,0.488268,0.477113,-0.021398,0.480564,0.487557,-0.021813,0.478425,0.495351,-0.021218,0.514707,0.481914,-0.018002,0.497817,0.490962,-0.023146,0.490241,0.49624,-0.023098,0.486858,0.500933,-0.022108,,,,,,,,,,,,,,,,,,,,,,,,,,,,,,,,,,,,,,,,,,,,,,,,,,,,,,,,,,,,,,,
55,1.83333,0.487239,0.249855,-0.415042,0.9997,0.501599,0.223009,-0.392585,0.9997,0.510402,0.222736,-0.392502,0.9997,0.5175,0.223059,-0.392431,0.9997,0.473692,0.223799,-0.391111,0.9997,0.464601,0.224427,-0.390991,0.9996,0.456891,0.225359,-0.391229,0.9996,0.530944,0.232465,-0.203265,0.9997,0.450191,0.236808,-0.190299,0.9996,0.505215,0.277261,-0.340185,0.9999,0.4706,0.278742,-0.337109,0.9999,0.587144,0.382128,-0.108427,0.9998,0.393899,0.377734,-0.08666,0.9996,0.621728,0.588927,-0.281604,0.9932,0.363075,0.597154,-0.350262,0.9895,0.524085,0.485731,-0.540551,0.9947,0.442591,0.516871,-0.691173,0.9828,0.500444,0.48854,-0.603632,0.9796,0.469227,0.52447,-0.755863,0.9464,0.489416,0.461682,-0.568336,0.9775,0.477353,0.492803,-0.733693,0.9417,0.494854,0.458154,-0.529803,0.9785,0.473621,0.491096,-0.688281,0.9443,0.560562,0.789185,-0.001964,0.9922,0.428657,0.789856,0.003715,0.9914,0.567421,1.07258,0.133106,0.0739,0.43586,1.073927,0.217188,0.0573,0.561522,1.332033,0.471254,0.002,0.435181,1.335253,0.539747,0.0016,0.564744,1.374673,0.49215,0.0029,0.430227,1.378747,0.563993,0.0019,0.5391,1.425743,0.238066,0.0014,0.449061,1.429182,0.305477,0.0018,0.53922,0.480964,0.0,0.522912,0.462192,0.001143,0.504095,0.455578,-0.001101,0.490035,0.458233,-0.004079,0.479744,0.464476,-0.00812,0.500711,0.444619,-0.009024,0.484304,0.433038,-0.01549,0.472379,0.425546,-0.019475,0.462602,0.419144,-0.022045,0.504463,0.455775,-0.013017,0.480513,0.464927,-0.019592,0.470632,0.479412,-0.021183,0.467701,0.491021,-0.02195,0.509504,0.472698,-0.016474,0.487934,0.483573,-0.022246,0.479528,0.49395,-0.021299,0.477549,0.501909,-0.01984,0.515136,0.490457,-0.019641,0.497528,0.497075,-0.023898,0.490017,0.503094,-0.022672,0.487391,0.508937,-0.020836,0.45851,0.513223,-0.0,0.471176,0.505136,-0.00164,0.482062,0.499963,-0.003619,0.488883,0.494078,-0.006763,0.489586,0.491495,-0.009983,0.497762,0.510044,-0.001865,0.502561,0.539267,-0.007687,0.500491,0.54688,-0.012245,0.499251,0.550897,-0.015401,0.493265,0.515165,-0.004547,0.490037,0.553342,-0.008925,0.482902,0.548831,-0.010097,0.480928,0.542879,-0.011297,0.48602,0.520545,-0.008003,0.481961,0.555822,-0.012939,0.475857,0.546882,-0.012838,0.474041,0.537679,-0.012475,0.478095,0.526522,-0.011856,0.473741,0.554651,-0.015267,0.469637,0.548457,-0.014819,0.468218,0.539436,-0.014127
56,1.86667,0.487159,0.248837,-0.401095,0.9997,0.50145,0.221863,-0.377587,0.9996,0.510285,0.221505,-0.377514,0.9996,0.517407,0.221801,-0.37741,0.9996,0.473555,0.22296,-0.37762,0.9996,0.464427,0.223744,-0.377543,0.9996,0.456716,0.2248,-0.377828,0.9996,0.530869,0.231641,-0.185992,0.9996,0.449943,0.236579,-0.181144,0.9996,0.50522,0.276249,-0.325594,0.9999,0.470591,0.277908,-0.324372,0.9999,0.587157,0.381873,-0.090412,0.9997,0.393824,0.378067,-0.086687,0.9996,0.627843,0.590481,-0.279806,0.9933,0.361897,0.597546,-0.350293,0.9896,0.524954,0.486742,-0.56744,0.9946,0.443443,0.517528,-0.710622,0.9816,0.499906,0.499426,-0.636376,0.9787,0.470066,0.529295,-0.77832,0.9426,0.487582,0.470081,-0.600456,0.9764,0.4799,0.504147,-0.758657,0.9374,0.493635,0.465263,-0.557199,0.9774,0.475428,0.49647,-0.708988,0.9403,0.561331,0.789342,0.00159,0.9919,0.429405,0.790385,0.000108,0.9912,0.56774,1.074868,0.125666,0.0731,0.436438,1.075861,0.207976,0.0575,0.561716,1.335202,0.44798,0.002,0.435184,1.338236,0.523104,0.0016,0.564703,1.377593,0.466883,0.0028,0.430132,1.38197,0.546547,0.002,0.539697,1.429958,0.213491,0.0014,0.448595,1.431422,0.289224,0.0019,0.542267,0.487371,0.0,0.52618,0.467948,0.000894,0.507766,0.462149,-0.001634,0.493707,0.466169,-0.004673,0.483892,0.474634,-0.008699,0.502059,0.4544,-0.009844,0.485337,0.442944,-0.016794,0.473302,0.43548,-0.020752,0.463955,0.428735,-0.023129,0.505186,0.465886,-0.013496,0.47836,0.478999,-0.020408,0.47078,0.494025,-0.021464,0.470706,0.502942,-0.021673,0.509796,0.482367,-0.016612,0.48537,0.497305,-0.023116,0.4798,0.508455,-0.021738,0.481891,0.514142,-0.019595,0.515042,0.499077,-0.019379,0.494995,0.508284,-0.024192,0.490102,0.515299,-0.022657,0.49149,0.520229,-0.020337,0.459411,0.511102,0.0,0.475985,0.515719,-0.002478,0.491141,0.531505,-0.00712,0.496551,0.551996,-0.011935,0.497851,0.568685,-0.017078,0.499848,0.527341,-0.012551,0.503694,0.55821,-0.020333,0.505863,0.57483,-0.025784,0.507795,0.587408,-0.029814,0.490041,0.530409,-0.016228,0.492328,0.569905,-0.024026,0.488666,0.575188,-0.026165,0.487013,0.575482,-0.027507,0.477974,0.534873,-0.01969,0.476157,0.569566,-0.024285,0.471801,0.563524,-0.021644,0.470703,0.554054,-0.019783,0.465522,0.539335,-0.023748,0.464028,0.56546,-0.025349,0.461609,0.55994,-0.022122,0.46107,0.550671,-0.019875
57,1.9,0.487256,0.248205,-0.408798,0.9997,0.50156,0.221197,-0.381804,0.9997,0.51037,0.220847,-0.381759,0.9996,0.517542,0.221209,-0.381693,0.9996,0.473624,0.222374,-0.384637,0.9996,0.464445,0.223212,-0.384494,0.9996,0.456713,0.224326,-0.384756,0.9996,0.531027,0.231392,-0.186849,0.9997,0.449766,0.236273,-0.185256,0.9996,0.505363,0.275575,-0.32958,0.9999,0.47063,0.277422,-0.331788,0.9999,0.587041,0.381691,-0.090806,0.9997,0.393728,0.378532,-0.090227,0.9996,0.627805,0.593367,-0.282195,0.9934,0.363526,0.59735,-0.352931,0.989,0.525212,0.490248,-0.573377,0.9947,0.44357,0.522177,-0.722181,0.9789,0.500724,0.510676,-0.654129,0.9786,0.470059,0.544234,-0.796115,0.9362,0.48861,0.481925,-0.624458,0.9764,0.480012,0.515343,-0.786968,0.9306,0.494576,0.474482,-0.566997,0.9773,0.475366,0.50388,-0.726511,0.9341,0.56088,0.789569,0.002815,0.9919,0.429478,0.79034,-0.001054,0.991,0.567381,1.073964,0.125927,0.0712,0.436049,1.075466,0.208676,0.0562,0.561237,1.333572,0.450493,0.0019,0.434763,1.338058,0.531205,0.0016,0.564247,1.375283,0.469547,0.0027,0.429818,1.381844,0.5551,0.002,0.539002,1.42902,0.212829,0.0013,0.448012,1.430647,0.293407,0.0018,0.546358,0.493262,0.0,0.528888,0.475264,0.00013,0.509299,0.471772,-0.002759,0.494433,0.479129,-0.005859,0.484538,0.489503,-0.009903,0.506183,0.462617,-0.01113,0.488837,0.454116,-0.018206,0.476436,0.447974,-0.022567,0.466179,0.443194,-0.025269,0.50896,0.474499,-0.014443,0.483515,0.485947,-0.021114,0.474776,0.499457,-0.022745,0.472789,0.509745,-0.023622,0.513304,0.491679,-0.017174,0.489953,0.505925,-0.0229,0.484154,0.515659,-0.021867,0.485126,0.522161,-0.020343,0.518253,0.509787,-0.019651,0.498375,0.517716,-0.023845,0.491666,0.524176,-0.022665,0.490482,0.529951,-0.020951,0.460009,0.525493,0.0,0.476927,0.531853,-0.000482,0.491524,0.550461,-0.004663,0.496869,0.57249,-0.009238,0.498006,0.590795,-0.013534,0.501241,0.541623,-0.011289,0.507523,0.570306,-0.019504,0.50688,0.590275,-0.024207,0.504889,0.604298,-0.026914,0.492145,0.544038,-0.015821,0.494314,0.585991,-0.024556,0.487088,0.588974,-0.02506,0.482796,0.581568,-0.024254,0.47999,0.547914,-0.020104,0.478784,0.582906,-0.025936,0.472842,0.577895,-0.021741,0.471898,0.566593,-0.018121,0.466767,0.552765,-0.02463,0.466365,0.580277,-0.026137,0.462405,0.574653,-0.021318,0.461866,0.563689,-0.017698
58,1.93333,0.48764,0.247821,-0.410012,0.9997,0.501876,0.22079,-0.383275,0.9997,0.510599,0.220452,-0.383224,0.9996,0.517845,0.22083,-0.383168,0.9996,0.474036,0.221918,-0.385402,0.9996,0.464858,0.222685,-0.385244,0.9996,0.456942,0.223817,-0.385495,0.9995,0.531346,0.231078,-0.181254,0.9997,0.449761,0.23572,-0.18394,0.9995,0.505686,0.27504,-0.330976,0.9999,0.470972,0.277015,-0.332324,0.9998,0.587053,0.381589,-0.083937,0.9998,0.393553,0.378566,-0.092855,0.9995,0.631202,0.60675,-0.283056,0.9936,0.363842,0.597418,-0.368152,0.9857,0.532353,0.495269,-0.586212,0.9949,0.443985,0.532823,-0.758067,0.9704,0.503629,0.517742,-0.670384,0.9791,0.470142,0.55419,-0.834987,0.9195,0.492104,0.489285,-0.638628,0.9769,0.479942,0.528904,-0.827934,0.9134,0.498992,0.48081,-0.579226,0.9776,0.475536,0.51701,-0.764841,0.918,0.560293,0.789557,0.006728,0.9915,0.429282,0.789099,-0.004839,0.9902,0.564878,1.073702,0.12549,0.0692,0.433897,1.072053,0.182548,0.0537,0.558665,1.333552,0.434052,0.0018,0.431437,1.336379,0.480702,0.0015,0.561809,1.375169,0.45105,0.0027,0.426271,1.380971,0.500707,0.002,0.535846,1.428722,0.188663,0.0013,0.442468,1.425898,0.233948,0.0018,0.547161,0.501998,0.0,0.530689,0.481799,-0.000292,0.511671,0.476499,-0.002721,0.496482,0.481627,-0.005183,0.485605,0.489669,-0.008391,0.509402,0.469659,-0.010976,0.491765,0.461134,-0.017625,0.479304,0.456254,-0.021461,0.469225,0.452879,-0.023686,0.511057,0.482933,-0.013811,0.485797,0.492792,-0.020046,0.477077,0.504761,-0.021396,0.475173,0.514019,-0.022053,0.514225,0.501263,-0.01612,0.489934,0.514019,-0.021679,0.484834,0.524337,-0.020766,0.48646,0.531428,-0.019311,0.518221,0.52011,-0.018184,0.498619,0.528091,-0.022246,0.493131,0.535006,-0.021153,0.493183,0.541147,-0.019517,0.460365,0.534023,0.0,0.477944,0.542064,-0.000634,0.493171,0.562296,-0.004583,0.498927,0.584501,-0.00906,0.500497,0.602287,-0.013232,0.50235,0.551835,-0.009725,0.508178,0.580157,-0.017317,0.508005,0.599486,-0.022236,0.506611,0.613812,-0.02532,0.492194,0.554863,-0.014181,0.494653,0.595225,-0.022337,0.488644,0.598143,-0.023428,0.485144,0.591946,-0.023361,0.479619,0.559412,-0.018514,0.479839,0.593427,-0.023906,0.474582,0.588538,-0.020319,0.473419,0.578026,-0.017349,0.466216,0.565066,-0.023164,0.467269,0.592729,-0.02448,0.463661,0.587572,-0.020175,0.462615,0.577609,-0.01708
59,1.96667,0.487723,0.247664,-0.432645,0.9997,0.501891,0.220516,-0.405322,0.9997,0.510609,0.22015,-0.405253,0.9997,0.517861,0.220521,-0.405212,0.9997,0.474067,0.22171,-0.406997,0.9996,0.464868,0.222521,-0.406787,0.9996,0.456938,0.223676,-0.406987,0.9996,0.531403,0.23076,-0.196653,0.9997,0.449554,0.235477,-0.198887,0.9996,0.505743,0.274832,-0.351508,0.9999,0.470997,0.276988,-0.35233,0.9999,0.586923,0.380066,-0.087149,0.9998,0.392904,0.378587,-0.098384,0.9995,0.630933,0.608974,-0.282097,0.9938,0.365736,0.602341,-0.356459,0.9849,0.53743,0.503957,-0.595367,0.995,0.450394,0.553586,-0.748541,0.9669,0.506003,0.528625,-0.681283,0.9795,0.47534,0.571101,-0.827046,0.9122,0.49647,0.495203,-0.653605,0.9773,0.482226,0.544897,-0.825092,0.9059,0.503726,0.487374,-0.590963,0.978,0.478551,0.532859,-0.757845,0.9112,0.560159,0.79032,0.006715,0.9914,0.429243,0.789144,-0.004802,0.9898,0.564751,1.073784,0.131302,0.0656,0.431666,1.072092,0.185143,0.0511,0.558733,1.333838,0.463308,0.0017,0.431037,1.336089,0.493885,0.0015,0.561996,1.375595,0.482639,0.0025,0.426083,1.380676,0.515892,0.0019,0.535984,1.428557,0.211864,0.0013,0.442551,1.425967,0.246499,0.0018,0.549454,0.508949,0.0,0.533595,0.488899,0.000252,0.514232,0.484153,-0.002055,0.498833,0.48918,-0.004401,0.487824,0.497162,-0.007568,0.51207,0.477525,-0.01136,0.494924,0.469469,-0.018183,0.482276,0.46455,-0.022207,0.472528,0.461472,-0.02456,0.513525,0.491816,-0.014383,0.487665,0.501558,-0.020652,0.479109,0.512494,-0.022043,0.478385,0.520598,-0.022711,0.516713,0.510417,-0.016787,0.492147,0.521724,-0.022262,0.485572,0.530624,-0.021939,0.486783,0.536763,-0.020972,0.521003,0.52907,-0.018835,0.502052,0.534976,-0.023361,0.494202,0.541032,-0.023253,0.49207,0.546876,-0.022323,0.459287,0.544099,0.0,0.477415,0.551166,8.5e-05,0.491954,0.570042,-0.003601,0.496743,0.590979,-0.007969,0.496194,0.607323,-0.012059,0.501439,0.563521,-0.008916,0.508255,0.591765,-0.015967,0.508731,0.611038,-0.02047,0.50775,0.625295,-0.023233,0.491353,0.567305,-0.01342,0.495103,0.605078,-0.020763,0.490054,0.610932,-0.021861,0.486751,0.608285,-0.021864,0.47878,0.572595,-0.01765,0.479347,0.604251,-0.022445,0.474396,0.599626,-0.019082,0.472866,0.589486,-0.016246,0.465401,0.578835,-0.02214,0.466651,0.60428,-0.02327,0.462998,0.599044,-0.019058,0.46163,0.589266,-0.015885
60,2.0,0.487936,0.247837,-0.454342,0.9997,0.502015,0.220555,-0.426226,0.9997,0.510717,0.220173,-0.426186,0.9997,0.51802,0.220538,-0.426129,0.9997,0.474206,0.221799,-0.428854,0.9997,0.464933,0.222634,-0.428658,0.9996,0.456953,0.223764,-0.428857,0.9996,0.531611,0.23076,-0.210253,0.9997,0.449465,0.235509,-0.21682,0.9996,0.505826,0.275236,-0.370709,0.9999,0.471093,0.277729,-0.372655,0.9999,0.587161,0.3801,-0.087327,0.9998,0.392085,0.383265,-0.101636,0.9995,0.630983,0.614894,-0.267606,0.9938,0.366308,0.617672,-0.331429,0.9854,0.538495,0.522322,-0.60258,0.9951,0.455435,0.571477,-0.730284,0.9673,0.506762,0.544284,-0.689756,0.9797,0.480214,0.588266,-0.807831,0.9127,0.497803,0.508861,-0.661722,0.9775,0.486523,0.557942,-0.807904,0.9066,0.505351,0.501568,-0.598212,0.9782,0.482365,0.547148,-0.737461,0.9119,0.560034,0.795338,0.005736,0.9913,0.429242,0.792971,-0.003767,0.9896,0.565026,1.077082,0.118304,0.0625,0.43154,1.079113,0.220342,0.0489,0.560008,1.337122,0.454031,0.0017,0.431271,1.341385,0.576269,0.0014,0.563222,1.379326,0.473672,0.0025,0.426631,1.385777,0.603791,0.0019,0.538508,1.432127,0.200332,0.0013,0.444243,1.433477,0.331272,0.0018,0.552095,0.519993,0.0,0.536754,0.501072,-0.000194,0.517816,0.495356,-0.002983,0.502491,0.498478,-0.005569,0.490831,0.504198,-0.009007,0.517514,0.491001,-0.01316,0.500198,0.480755,-0.019765,0.48727,0.476555,-0.023174,0.477704,0.474546,-0.024952,0.519127,0.50624,-0.015949,0.492532,0.513523,-0.021727,0.483751,0.521046,-0.022508,0.483212,0.526903,-0.022749,0.522245,0.524526,-0.017999,0.496485,0.53388,-0.022667,0.489014,0.53853,-0.021512,0.489921,0.541792,-0.020133,0.526077,0.542161,-0.019718,0.505531,0.548306,-0.023581,0.497516,0.55129,-0.022713,0.495757,0.553861,-0.021267,0.456324,0.554587,0.0,0.475149,0.559071,9.5e-05,0.490012,0.579076,-0.002884,0.494538,0.601441,-0.006594,0.494604,0.618923,-0.009973,0.498989,0.575575,-0.006909,0.506923,0.605038,-0.012913,0.507514,0.624709,-0.016835,0.506153,0.638977,-0.019168,0.488304,0.581241,-0.011001,0.494306,0.615535,-0.0171,0.490596,0.623101,-0.018395,0.487019,0.623175,-0.018668,0.475584,0.587551,-0.014846,0.478275,0.617626,-0.018866,0.473748,0.612643,-0.015704,0.471139,0.602677,-0.013007,0.462216,0.593997,-0.018936,0.465834,0.61834,-0.019856,0.462376,0.612823,-0.015589,0.459707,0.603157,-0.012233
61,2.03333,0.488091,0.247466,-0.407211,0.9997,0.502155,0.220006,-0.378954,0.9997,0.510801,0.219681,-0.378853,0.9997,0.518079,0.220099,-0.378758,0.9997,0.474371,0.221282,-0.381943,0.9997,0.465075,0.222141,-0.381823,0.9996,0.456976,0.223354,-0.382082,0.9996,0.531752,0.230586,-0.178786,0.9997,0.44936,0.235386,-0.186841,0.9996,0.505871,0.275079,-0.330575,0.9999,0.471111,0.277469,-0.332878,0.9999,0.588923,0.381243,-0.077434,0.9998,0.391194,0.38425,-0.097639,0.9995,0.631776,0.61612,-0.246838,0.9941,0.365897,0.621871,-0.312995,0.9857,0.537628,0.534776,-0.550893,0.9951,0.455353,0.578892,-0.666512,0.9664,0.505517,0.558091,-0.625863,0.9793,0.479731,0.605093,-0.735334,0.9101,0.496866,0.526589,-0.593022,0.977,0.486149,0.574827,-0.730336,0.9037,0.504341,0.518594,-0.541996,0.9778,0.481957,0.562515,-0.670609,0.9095,0.559956,0.799808,0.007537,0.9915,0.428375,0.797399,-0.005538,0.9899,0.565304,1.083426,0.105667,0.0601,0.431023,1.087633,0.219161,0.0472,0.561171,1.34534,0.41114,0.0016,0.431045,1.352289,0.555677,0.0014,0.564769,1.38824,0.428382,0.0023,0.426408,1.398117,0.579299,0.0018,0.538836,1.443073,0.167518,0.0012,0.444213,1.444883,0.327975,0.0017,0.554586,0.533028,0.0,0.540908,0.514409,-0.001316,0.519143,0.505992,-0.003625,0.501005,0.50395,-0.005673,0.488015,0.501439,-0.008641,0.521196,0.505322,-0.011815,0.504737,0.497758,-0.01812,0.491605,0.496539,-0.021701,0.482962,0.497194,-0.023761,0.522606,0.519896,-0.014081,0.497892,0.529682,-0.019551,0.491525,0.535484,-0.020506,0.492207,0.539129,-0.020968,0.525653,0.536786,-0.015871,0.501554,0.546697,-0.020607,0.496071,0.550537,-0.018946,0.496983,0.552366,-0.017287,0.529382,0.553374,-0.017431,0.50996,0.561692,-0.02128,0.504474,0.564611,-0.01972,0.504167,0.566467,-0.017769,0.451955,0.568692,0.0,0.4718,0.572084,0.00082,0.488315,0.591478,-0.002041,0.493021,0.614439,-0.005625,0.492127,0.633675,-0.008975,0.495201,0.591435,-0.007336,0.504293,0.623012,-0.012858,0.504906,0.643433,-0.016035,0.503935,0.65753,-0.017967,0.484717,0.598524,-0.011635,0.488756,0.637624,-0.017694,0.483237,0.637017,-0.017767,0.480371,0.627061,-0.016986,0.471826,0.605658,-0.015536,0.474768,0.63823,-0.019211,0.469586,0.63369,-0.014794,0.467346,0.623032,-0.011327,0.458509,0.611737,-0.019558,0.462386,0.638314,-0.019576,0.458148,0.634076,-0.01418,0.455337,0.624528,-0.010206
62,2.06667,0.488495,0.246936,-0.409417,0.9997,0.502479,0.219353,-0.382206,0.9997,0.511011,0.219172,-0.382109,0.9997,0.518312,0.219671,-0.382036,0.9997,0.474564,0.22054,-0.38356,0.9997,0.465232,0.221385,-0.383363,0.9996,0.457002,0.222684,-0.38358,0.9996,0.531978,0.230513,-0.181184,0.9997,0.449225,0.235172,-0.188636,0.9996,0.506067,0.274869,-0.33253,0.9999,0.47114,0.277314,-0.333238,0.9999,0.591784,0.383336,-0.079473,0.9998,0.390134,0.384616,-0.099387,0.9996,0.638143,0.615767,-0.255282,0.9943,0.364378,0.621073,-0.314974,0.9863,0.540147,0.553758,-0.603057,0.995,0.45023,0.597319,-0.69249,0.9666,0.508733,0.570592,-0.693518,0.9788,0.473708,0.633565,-0.764482,0.9103,0.50033,0.540011,-0.669175,0.9766,0.482614,0.601175,-0.747653,0.9044,0.506591,0.5335,-0.599154,0.9772,0.477545,0.588279,-0.696386,0.9099,0.559884,0.808789,0.008116,0.9916,0.428202,0.80564,-0.006194,0.9902,0.564073,1.097285,0.106163,0.0698,0.43048,1.102053,0.217541,0.0519,0.558882,1.358428,0.418307,0.0017,0.427599,1.36721,0.558307,0.0016,0.561688,1.401487,0.43631,0.0026,0.423088,1.413447,0.583302,0.0021,0.534993,1.458413,0.173984,0.0013,0.439784,1.460375,0.324876,0.0019,0.554917,0.539909,-0.0,0.539412,0.524954,-0.001191,0.515588,0.519073,-0.004769,0.496934,0.519639,-0.007994,0.484501,0.524524,-0.012555,0.522217,0.517989,-0.016998,0.499105,0.531036,-0.025176,0.491453,0.54052,-0.029639,0.490613,0.546465,-0.031934,0.529067,0.533033,-0.020007,0.503512,0.550388,-0.025375,0.497823,0.558777,-0.026332,0.499528,0.560798,-0.027831,0.535974,0.550473,-0.022413,0.510366,0.567247,-0.026895,0.504317,0.574016,-0.025142,0.50496,0.573996,-0.024452,0.541292,0.56913,-0.024508,0.520329,0.582485,-0.028773,0.51369,0.586825,-0.027335,0.512493,0.586539,-0.026128,0.448978,0.588106,0.0,0.468974,0.594361,-0.000659,0.485828,0.619191,-0.004107,0.491886,0.645846,-0.008125,0.493543,0.667725,-0.011953,0.492538,0.615166,-0.008634,0.500182,0.646592,-0.015485,0.499656,0.666357,-0.019613,0.498743,0.678608,-0.022131,0.481038,0.620182,-0.01324,0.485443,0.659916,-0.021747,0.479092,0.657048,-0.023105,0.476898,0.643708,-0.022681,0.466893,0.625904,-0.017599,0.471977,0.661352,-0.023352,0.466011,0.656384,-0.018993,0.46403,0.644912,-0.015095,0.452034,0.630965,-0.022152,0.457548,0.659731,-0.023907,0.453074,0.6541,-0.018626,0.450334,0.643402,-0.014506
63,2.1,0.489307,0.24673,-0.407429,0.9998,0.503422,0.21906,-0.380575,0.9997,0.511707,0.218963,-0.380527,0.9997,0.519224,0.219485,-0.38045,0.9997,0.475008,0.22027,-0.383087,0.9997,0.465501,0.221099,-0.382985,0.9996,0.457078,0.222431,-0.383236,0.9996,0.532515,0.230422,-0.181123,0.9997,0.44909,0.235089,-0.188653,0.9996,0.506598,0.274823,-0.330369,0.9999,0.47133,0.277227,-0.33221,0.9999,0.593067,0.383648,-0.080677,0.9998,0.389004,0.386597,-0.099265,0.9996,0.638096,0.607957,-0.237012,0.9942,0.364158,0.618733,-0.299544,0.9868,0.54676,0.573343,-0.589558,0.9948,0.444238,0.619997,-0.680115,0.9674,0.520818,0.597123,-0.684822,0.9783,0.466072,0.665796,-0.760739,0.9121,0.511931,0.566476,-0.664324,0.9762,0.479528,0.631651,-0.758167,0.9067,0.51542,0.556379,-0.590948,0.9769,0.473765,0.615915,-0.686918,0.912,0.559829,0.810185,0.008073,0.992,0.427606,0.807538,-0.006185,0.9907,0.564109,1.098347,0.128709,0.0748,0.430446,1.107722,0.244016,0.0538,0.558852,1.35941,0.448261,0.0017,0.426742,1.373018,0.600545,0.0017,0.561665,1.40243,0.469218,0.0027,0.422591,1.420457,0.628722,0.0023,0.534723,1.461818,0.223322,0.0014,0.439168,1.465947,0.381984,0.002,0.565069,0.561044,-0.0,0.549473,0.545292,-0.002424,0.524459,0.542492,-0.005412,0.503612,0.547498,-0.007666,0.489649,0.554603,-0.010837,0.528232,0.544491,-0.01325,0.504115,0.559464,-0.019536,0.496731,0.56963,-0.022965,0.494975,0.57492,-0.024784,0.534837,0.558158,-0.014551,0.510763,0.575116,-0.017958,0.504094,0.584761,-0.018802,0.502825,0.588818,-0.020428,0.541673,0.57422,-0.015515,0.51825,0.590034,-0.018738,0.511755,0.598276,-0.017387,0.509761,0.600965,-0.017187,0.547572,0.591079,-0.016331,0.528589,0.604196,-0.019906,0.524466,0.608705,-0.018546,0.524019,0.610097,-0.017447,0.44031,0.612906,0.0,0.462045,0.616036,-0.001639,0.480194,0.637512,-0.0047,0.487461,0.66216,-0.007728,0.487859,0.683066,-0.01016,0.481856,0.638599,-0.009908,0.494352,0.670674,-0.016005,0.49515,0.691131,-0.018853,0.493135,0.70404,-0.020172,0.469612,0.64748,-0.012838,0.477517,0.686392,-0.020841,0.473615,0.681816,-0.021105,0.470356,0.667998,-0.019347,0.456219,0.65552,-0.01545,0.463387,0.688784,-0.020522,0.460114,0.682947,-0.016268,0.457263,0.671113,-0.012056,0.443164,0.661729,-0.018303,0.449208,0.686391,-0.019903,0.446942,0.680207,-0.015298,0.444387,0.669411,-0.011219
64,2.13333,0.489965,0.246584,-0.429305,0.9998,0.504251,0.218955,-0.400955,0.9997,0.512378,0.218931,-0.400994,0.9997,0.520118,0.219479,-0.400931,0.9997,0.47556,0.220005,-0.40529,0.9997,0.465876,0.2208,-0.405287,0.9997,0.457241,0.222179,-0.405576,0.9997,0.533286,0.230633,-0.195263,0.9997,0.449051,0.234992,-0.208017,0.9997,0.507125,0.27485,-0.349513,0.9999,0.471554,0.277198,-0.353149,0.9999,0.594228,0.386663,-0.084661,0.9998,0.388836,0.38967,-0.113083,0.9996,0.644098,0.589376,-0.234743,0.9937,0.36397,0.617169,-0.29958,0.9871,0.559904,0.589046,-0.598528,0.9931,0.440387,0.64349,-0.69054,0.9671,0.538715,0.620595,-0.697751,0.9735,0.456618,0.695135,-0.770304,0.9117,0.52635,0.593233,-0.69042,0.9717,0.474637,0.672045,-0.773853,0.9073,0.528064,0.58034,-0.604468,0.9724,0.470244,0.653882,-0.697542,0.9118,0.560295,0.811286,0.008452,0.9913,0.427812,0.808453,-0.006643,0.9904,0.565739,1.100167,0.144875,0.0852,0.433181,1.109199,0.235282,0.0577,0.562184,1.360142,0.477737,0.002,0.429382,1.375432,0.579861,0.0021,0.564764,1.403126,0.499497,0.0032,0.425219,1.423273,0.60628,0.0028,0.53747,1.462412,0.253454,0.0016,0.444369,1.467731,0.350143,0.0024,0.5689,0.57368,-0.0,0.549255,0.566651,-0.003149,0.524591,0.574469,-0.00624,0.50821,0.588273,-0.008971,0.49811,0.602534,-0.012668,0.524694,0.573793,-0.011794,0.506917,0.593916,-0.019127,0.500485,0.61107,-0.02437,0.496899,0.623188,-0.027729,0.534671,0.582005,-0.013591,0.520491,0.603657,-0.018404,0.516061,0.617431,-0.021051,0.514575,0.624708,-0.023946,0.546109,0.59154,-0.015339,0.533262,0.613109,-0.019513,0.528351,0.625112,-0.01962,0.525642,0.630501,-0.020475,0.556715,0.602,-0.017164,0.545482,0.621787,-0.021749,0.541022,0.631512,-0.021535,0.539049,0.636292,-0.021239,0.432902,0.636646,0.0,0.455043,0.642594,-0.001037,0.471536,0.667225,-0.003828,0.478336,0.693285,-0.006854,0.480348,0.715208,-0.009293,0.471259,0.670235,-0.008457,0.483243,0.704357,-0.014623,0.482097,0.719685,-0.017348,0.479154,0.727689,-0.018352,0.459225,0.678135,-0.011603,0.46744,0.71667,-0.018505,0.463218,0.711721,-0.018591,0.459952,0.698647,-0.017106,0.446235,0.68477,-0.01456,0.453099,0.717727,-0.01834,0.450063,0.711779,-0.01363,0.447519,0.700591,-0.009704,0.433962,0.689088,-0.017811,0.440602,0.713487,-0.018251,0.437806,0.706949,-0.013177,0.434864,0.69698,-0.009287
65,2.16667,0.490883,0.246499,-0.468541,0.9997,0.504981,0.21894,-0.436286,0.9997,0.512817,0.218937,-0.436383,0.9997,0.520543,0.219527,-0.436341,0.9997,0.476669,0.21986,-0.444346,0.9997,0.466928,0.220591,-0.444366,0.9996,0.457952,0.222023,-0.444669,0.9996,0.533429,0.231184,-0.211237,0.9997,0.449047,0.23498,-0.242127,0.9996,0.507421,0.274893,-0.381056,0.9999,0.47216,0.277195,-0.390062,0.9999,0.594132,0.388827,-0.081728,0.9998,0.388734,0.392356,-0.137627,0.9996,0.64339,0.587546,-0.182926,0.9933,0.364026,0.613506,-0.306286,0.9865,0.569098,0.611649,-0.563029,0.9927,0.43599,0.664428,-0.734089,0.9658,0.553065,0.64946,-0.662187,0.9724,0.4457,0.718318,-0.831954,0.9109,0.537372,0.62364,-0.687465,0.9709,0.466466,0.69852,-0.852259,0.9077,0.537741,0.611166,-0.575154,0.9714,0.464393,0.67881,-0.749573,0.9116,0.56071,0.811604,0.012266,0.9906,0.431589,0.807907,-0.010585,0.9898,0.572292,1.098778,0.167842,0.0851,0.441641,1.106143,0.176857,0.0561,0.572205,1.358576,0.525853,0.002,0.440496,1.372405,0.498779,0.0022,0.574157,1.401313,0.550174,0.0034,0.436713,1.42032,0.522487,0.0031,0.551206,1.459623,0.308665,0.0017,0.457034,1.463721,0.261024,0.0025,,,,,,,,,,,,,,,,,,,,,,,,,,,,,,,,,,,,,,,,,,,,,,,,,,,,,,,,,,,,,,,,0.429888,0.667493,-0.0,0.451247,0.679245,-0.000198,0.464948,0.706718,-0.003038,0.469829,0.73436,-0.006318,0.469406,0.75575,-0.008509,0.46068,0.707333,-0.008078,0.464744,0.745196,-0.01502,0.460018,0.738507,-0.01792,0.457478,0.726121,-0.01848,0.448272,0.711444,-0.011423,0.450134,0.749432,-0.015604,0.446516,0.742028,-0.01521,0.445306,0.727691,-0.014646,0.434654,0.715103,-0.014674,0.43695,0.750355,-0.017024,0.433909,0.743308,-0.01244,0.432463,0.730007,-0.009452,0.421656,0.716999,-0.018052,0.424213,0.744836,-0.01856,0.421795,0.737936,-0.013827,0.420006,0.726191,-0.010445
66,2.2,0.491648,0.24628,-0.466911,0.9997,0.50559,0.218848,-0.425859,0.9997,0.513252,0.218907,-0.426144,0.9997,0.521054,0.219511,-0.426192,0.9997,0.477486,0.219642,-0.440433,0.9997,0.467736,0.22032,-0.440117,0.9996,0.458522,0.221778,-0.440292,0.9996,0.53378,0.23129,-0.196074,0.9997,0.44904,0.2349,-0.229525,0.9996,0.507773,0.274913,-0.37164,0.9999,0.472721,0.277163,-0.382295,0.9999,0.594921,0.390312,-0.059739,0.9998,0.388604,0.395307,-0.131299,0.9996,0.644747,0.580759,-0.134655,0.993,0.368793,0.612762,-0.284149,0.9851,0.57281,0.629054,-0.465902,0.9923,0.42898,0.685093,-0.696717,0.9651,0.560236,0.679389,-0.554081,0.9713,0.434224,0.745393,-0.794416,0.9106,0.540011,0.660396,-0.567171,0.9702,0.454229,0.730977,-0.847083,0.9087,0.539445,0.645105,-0.475342,0.9706,0.453763,0.710245,-0.715504,0.9121,0.568228,0.812045,0.017965,0.9903,0.43893,0.80925,-0.016496,0.9896,0.587721,1.101958,0.192104,0.089,0.4564,1.109409,0.153683,0.0549,0.593468,1.361623,0.558799,0.0022,0.458389,1.38005,0.45737,0.0026,0.595939,1.404885,0.584752,0.0038,0.455135,1.430638,0.478772,0.0034,0.574495,1.463731,0.355938,0.002,0.476664,1.467075,0.22953,0.0028,0.574356,0.628855,-0.0,0.547151,0.637473,-0.003862,0.525705,0.66687,-0.004036,0.513775,0.6911,-0.004107,0.510396,0.71099,-0.00249,0.542606,0.69952,0.000614,0.524999,0.724471,-0.005082,0.518692,0.712771,-0.009613,0.520821,0.700191,-0.011107,0.5529,0.705622,0.001554,0.534112,0.728159,-0.001966,0.527597,0.715571,-0.004937,0.530539,0.702992,-0.006122,0.56123,0.707934,0.001693,0.543883,0.729467,-0.000516,0.537105,0.718868,0.000189,0.539536,0.707972,0.001466,0.567637,0.707638,0.001356,0.552791,0.727076,0.001205,0.547285,0.720037,0.003622,0.549289,0.710258,0.006022,0.422544,0.686603,-0.0,0.443487,0.703977,0.001959,0.454113,0.734668,0.001043,0.456808,0.761731,-0.001201,0.455606,0.782305,-0.002679,0.452396,0.747139,0.001179,0.450265,0.775181,-0.003966,0.445409,0.76644,-0.007727,0.444437,0.754829,-0.009286,0.439797,0.748504,-0.002909,0.436251,0.77568,-0.005402,0.432266,0.766385,-0.006455,0.432591,0.753566,-0.006959,0.426001,0.748425,-0.007169,0.42392,0.773288,-0.008443,0.421014,0.764871,-0.00505,0.421284,0.75271,-0.002873,0.41292,0.745472,-0.011532,0.41168,0.767994,-0.010729,0.410085,0.759184,-0.005651,0.410283,0.747306,-0.00193
67,2.23333,0.492215,0.24613,-0.467522,0.9998,0.506236,0.218756,-0.432271,0.9997,0.513899,0.218856,-0.432481,0.9997,0.521917,0.219454,-0.432559,0.9997,0.47801,0.219476,-0.442061,0.9997,0.468178,0.22011,-0.442017,0.9996,0.458765,0.221547,-0.442285,0.9996,0.534664,0.231314,-0.201668,0.9997,0.449009,0.234819,-0.235369,0.9996,0.508214,0.274962,-0.376121,0.9999,0.473188,0.277151,-0.385873,0.9999,0.597047,0.392831,-0.058605,0.9998,0.388324,0.395534,-0.127995,0.9996,0.64471,0.582466,-0.129121,0.9924,0.368683,0.611837,-0.235422,0.9848,0.57768,0.651415,-0.482461,0.9914,0.417521,0.708163,-0.621189,0.9654,0.566728,0.706665,-0.573631,0.9695,0.420759,0.771745,-0.715359,0.9119,0.545534,0.690306,-0.590496,0.9689,0.438852,0.757191,-0.751266,0.9112,0.543873,0.672875,-0.495528,0.9692,0.439169,0.734617,-0.639948,0.914,0.567824,0.812097,0.020633,0.9905,0.438474,0.809713,-0.019282,0.9898,0.586115,1.106388,0.140368,0.1033,0.454287,1.110323,0.104609,0.058,0.590931,1.361006,0.557941,0.0025,0.457839,1.377241,0.456406,0.0031,0.593267,1.403804,0.59043,0.0045,0.455303,1.42669,0.482297,0.0039,0.571702,1.463329,0.356746,0.0022,0.477427,1.464872,0.225157,0.0031,0.57788,0.644981,0.0,0.549675,0.654121,-0.004207,0.532745,0.687316,-0.005653,0.524295,0.721313,-0.006062,0.521182,0.748996,-0.006416,0.543207,0.694657,-0.010404,0.532838,0.732886,-0.013967,0.526243,0.750345,-0.014694,0.522998,0.758588,-0.014271,0.55958,0.703426,-0.009304,0.550667,0.74714,-0.012125,0.542221,0.757105,-0.012554,0.538946,0.753961,-0.012429,0.573443,0.709028,-0.007845,0.564715,0.749656,-0.009553,0.554647,0.756304,-0.008787,0.549281,0.752092,-0.008098,0.58365,0.712616,-0.006457,0.574697,0.745138,-0.007875,0.565945,0.751304,-0.006639,0.560872,0.747997,-0.005214,0.419336,0.719231,-0.0,0.437479,0.738935,0.003534,0.444826,0.766714,0.002707,0.444585,0.789118,0.000397,0.442431,0.805574,-0.001476,0.44105,0.783018,-0.002194,0.441431,0.81379,-0.007488,0.439431,0.808143,-0.010638,0.438546,0.796494,-0.011546,0.428415,0.781554,-0.00707,0.426177,0.810122,-0.009294,0.424926,0.801242,-0.009082,0.425168,0.788189,-0.008811,0.414992,0.77743,-0.011684,0.413112,0.804359,-0.012816,0.413094,0.796108,-0.008853,0.413489,0.783653,-0.006301,0.40256,0.770121,-0.016122,0.401724,0.795263,-0.015336,0.40242,0.788253,-0.009893,0.402545,0.776776,-0.00584
68,2.26667,0.492386,0.245805,-0.460875,0.9998,0.506452,0.218624,-0.427388,0.9997,0.514134,0.218775,-0.427562,0.9997,0.522211,0.219381,-0.427607,0.9997,0.478149,0.21936,-0.435014,0.9997,0.468258,0.220019,-0.43499,0.9997,0.458782,0.221494,-0.435249,0.9996,0.534856,0.231371,-0.201647,0.9997,0.448868,0.234876,-0.230662,0.9997,0.508338,0.274947,-0.372964,0.9999,0.473202,0.277108,-0.381103,0.9999,0.596914,0.393833,-0.061853,0.9998,0.387982,0.396675,-0.125118,0.9996,0.644596,0.583095,-0.154398,0.9921,0.367647,0.608133,-0.220347,0.9846,0.579321,0.666036,-0.508872,0.9909,0.407834,0.727488,-0.578766,0.9649,0.572161,0.722314,-0.599982,0.9691,0.41182,0.791664,-0.666465,0.9121,0.549728,0.710743,-0.594619,0.969,0.430062,0.776348,-0.698699,0.9127,0.546345,0.694274,-0.519862,0.969,0.431331,0.754263,-0.597222,0.9152,0.567595,0.811944,0.019767,0.9908,0.438159,0.809706,-0.018378,0.9899,0.584345,1.10613,0.089175,0.1284,0.455039,1.108878,0.120081,0.0643,0.588712,1.360464,0.533478,0.0033,0.459219,1.375692,0.477336,0.0037,0.590892,1.401902,0.565147,0.0059,0.456349,1.425218,0.498986,0.005,0.569806,1.462246,0.334282,0.0026,0.478941,1.460875,0.238011,0.0035,0.578251,0.66229,0.0,0.553446,0.678582,-0.000209,0.54131,0.709035,-0.001307,0.536459,0.737643,-0.001955,0.534474,0.759079,-0.002846,0.544622,0.715267,-0.009616,0.536787,0.750046,-0.013827,0.531757,0.772801,-0.015223,0.529032,0.788082,-0.015443,0.559731,0.724042,-0.010702,0.557514,0.767216,-0.01396,0.551192,0.777787,-0.013275,0.54686,0.775413,-0.012021,0.573753,0.728388,-0.011015,0.572396,0.767974,-0.012462,0.565246,0.777509,-0.010252,0.559784,0.775207,-0.008422,0.584933,0.729284,-0.011149,0.585915,0.759284,-0.012036,0.581888,0.769549,-0.010051,0.578462,0.770969,-0.007868,0.406317,0.735447,-0.0,0.427319,0.75316,0.001674,0.435707,0.783459,0.001632,0.436345,0.812228,0.0003,0.435888,0.833923,-7.5e-05,0.430926,0.796673,0.00297,0.430702,0.831017,-0.001361,0.430209,0.824308,-0.003929,0.429697,0.812917,-0.004111,0.418312,0.798163,0.000161,0.41791,0.829653,-0.00198,0.418179,0.82117,-0.003014,0.417596,0.808336,-0.002911,0.405474,0.797358,-0.002892,0.405733,0.825694,-0.004125,0.406613,0.817463,-0.001933,0.406014,0.805116,5.7e-05,0.3938,0.79487,-0.005911,0.393916,0.819987,-0.004704,0.395396,0.813048,-0.000528,0.394974,0.801276,0.002804
69,2.3,0.493068,0.244846,-0.476133,0.9998,0.507064,0.218118,-0.442745,0.9997,0.514606,0.218381,-0.442922,0.9997,0.522798,0.218965,-0.442949,0.9997,0.479345,0.218616,-0.448849,0.9997,0.469306,0.219264,-0.448814,0.9997,0.459678,0.220495,-0.44905,0.9996,0.5354,0.231352,-0.214345,0.9997,0.448874,0.234344,-0.239424,0.9997,0.508702,0.274589,-0.388055,0.9999,0.473724,0.276695,-0.394979,0.9999,0.596802,0.394244,-0.070433,0.9998,0.387953,0.396423,-0.123929,0.9996,0.644311,0.58299,-0.134624,0.9924,0.367437,0.608038,-0.134012,0.9846,0.582194,0.68342,-0.495869,0.991,0.400539,0.754845,-0.434014,0.9634,0.576789,0.740656,-0.590837,0.97,0.40245,0.815567,-0.511873,0.9107,0.554161,0.731088,-0.607093,0.9702,0.423024,0.80458,-0.55959,0.9129,0.550286,0.715994,-0.514495,0.9699,0.425618,0.784088,-0.457238,0.9153,0.566868,0.811901,0.019216,0.9912,0.437783,0.811291,-0.017778,0.9901,0.583914,1.108169,0.045074,0.1565,0.446117,1.063582,0.096758,0.0734,0.587458,1.359933,0.489915,0.0048,0.456814,1.374228,0.464569,0.0048,0.590247,1.401287,0.525801,0.0084,0.45367,1.424834,0.49088,0.0065,0.566864,1.461256,0.298348,0.0034,0.476179,1.460086,0.228887,0.0042,0.582661,0.682581,0.0,0.55748,0.697956,-0.000499,0.545779,0.726242,-0.000685,0.543969,0.752597,-0.000781,0.544702,0.772128,-0.000915,0.549721,0.738937,-0.005178,0.542395,0.772778,-0.008094,0.537959,0.794334,-0.009486,0.534838,0.809665,-0.010037,0.564296,0.748186,-0.005859,0.561585,0.786297,-0.007713,0.557306,0.799364,-0.007731,0.553986,0.802278,-0.007439,0.577716,0.752893,-0.006156,0.575059,0.788169,-0.00658,0.569685,0.796791,-0.005064,0.565319,0.795656,-0.004005,0.588474,0.753869,-0.006498,0.586951,0.781921,-0.006354,0.583081,0.789622,-0.004236,0.58022,0.789176,-0.00219,0.398716,0.755618,-0.0,0.419208,0.774253,0.004145,0.428319,0.800711,0.004939,0.429098,0.822909,0.003988,0.42722,0.839444,0.003385,0.425957,0.818166,0.003934,0.428042,0.847427,0.001209,0.42742,0.850502,-0.000999,0.426781,0.848352,-0.001831,0.413064,0.821558,-0.000343,0.412406,0.850833,-0.001747,0.411023,0.845369,-0.002649,0.410433,0.834732,-0.002755,0.399489,0.82151,-0.004438,0.399017,0.847878,-0.004504,0.398602,0.840886,-0.001834,0.398131,0.829942,2e-05,0.386818,0.818183,-0.008462,0.386043,0.840146,-0.006538,0.386815,0.833683,-0.002078,0.386643,0.823274,0.001215
70,2.33333,0.493775,0.244099,-0.496089,0.9998,0.507561,0.217932,-0.462056,0.9997,0.514949,0.218272,-0.462221,0.9997,0.523178,0.218868,-0.462244,0.9997,0.48067,0.218197,-0.469398,0.9997,0.470732,0.218794,-0.469342,0.9997,0.46113,0.219838,-0.469591,0.9997,0.535565,0.231517,-0.232866,0.9997,0.449002,0.2342,-0.263499,0.9997,0.50895,0.274427,-0.408515,0.9999,0.474477,0.276367,-0.417009,0.9999,0.596761,0.396971,-0.089658,0.9998,0.387802,0.397126,-0.138406,0.9996,0.644069,0.581191,-0.123429,0.9924,0.36596,0.611469,-0.140582,0.9851,0.584039,0.696659,-0.473169,0.9906,0.394443,0.76837,-0.409103,0.9627,0.578143,0.758629,-0.571474,0.9699,0.396593,0.827576,-0.487243,0.91,0.555525,0.747797,-0.605502,0.9704,0.416772,0.819359,-0.53957,0.9135,0.551566,0.730743,-0.495141,0.9699,0.419843,0.799159,-0.43341,0.9159,0.562465,0.811817,0.01896,0.9914,0.435949,0.812919,-0.017469,0.9902,0.579904,1.10774,0.039262,0.1782,0.441002,1.048798,0.116949,0.0788,0.585297,1.359589,0.468728,0.0063,0.455347,1.372305,0.498431,0.0056,0.586389,1.401019,0.501845,0.0104,0.452207,1.419538,0.530802,0.0077,0.565008,1.459894,0.266205,0.0041,0.474455,1.45704,0.266834,0.0047,0.587656,0.702512,0.0,0.561041,0.718129,-0.000861,0.547538,0.746759,-0.000515,0.544899,0.774298,-3.4e-05,0.544684,0.795211,0.000549,0.552733,0.75907,-0.002412,0.546389,0.793021,-0.003692,0.541822,0.81527,-0.004459,0.53803,0.830931,-0.004864,0.567714,0.768543,-0.002606,0.563747,0.80577,-0.003778,0.558211,0.815877,-0.004283,0.554018,0.814717,-0.004288,0.581211,0.77372,-0.002511,0.57612,0.809458,-0.002714,0.569157,0.816478,-0.002005,0.563962,0.81252,-0.0014,0.591867,0.775901,-0.002462,0.587574,0.805135,-0.002226,0.581642,0.810722,-0.00045,0.577612,0.806339,0.001309,0.396594,0.780851,-0.0,0.414484,0.800618,0.001224,0.421463,0.831582,0.000623,0.421333,0.858034,-0.001098,0.419366,0.877517,-0.001838,0.415422,0.843297,0.001552,0.413205,0.872033,-0.003781,0.413515,0.862365,-0.007416,0.413613,0.849649,-0.008653,0.403223,0.841631,-0.001704,0.40119,0.868152,-0.004802,0.402024,0.858277,-0.006237,0.402016,0.845589,-0.006574,0.390699,0.838318,-0.005255,0.38994,0.862379,-0.007033,0.391081,0.853497,-0.004322,0.391455,0.841976,-0.002173,0.379485,0.832838,-0.008887,0.378878,0.854124,-0.008243,0.380449,0.847185,-0.003874,0.380879,0.837387,-0.000423
71,2.36667,0.494643,0.244059,-0.510223,0.9998,0.507949,0.217942,-0.476325,0.9997,0.515171,0.21829,-0.476492,0.9997,0.523389,0.218871,-0.476507,0.9997,0.481841,0.218187,-0.484707,0.9997,0.472049,0.218758,-0.484645,0.9997,0.462576,0.219739,-0.484963,0.9997,0.535555,0.231569,-0.247704,0.9997,0.449358,0.234123,-0.282708,0.9997,0.509246,0.274389,-0.422941,0.9999,0.475706,0.276309,-0.432612,0.9999,0.596715,0.396797,-0.103311,0.9999,0.387899,0.397268,-0.155011,0.9996,0.639596,0.581783,-0.086506,0.9925,0.365949,0.617972,-0.115417,0.9854,0.586137,0.714561,-0.407224,0.9902,0.39135,0.791172,-0.334566,0.9618,0.580556,0.785668,-0.502043,0.9696,0.392001,0.852516,-0.406455,0.9089,0.558235,0.775575,-0.553656,0.9705,0.409498,0.850256,-0.471399,0.9135,0.553384,0.753812,-0.434745,0.9697,0.412886,0.833026,-0.363024,0.9162,0.561948,0.811776,0.018589,0.9915,0.435823,0.816293,-0.017089,0.9902,0.579674,1.10714,0.022791,0.1881,0.440999,1.05202,0.09097,0.0809,0.584041,1.359352,0.429658,0.0071,0.455501,1.368579,0.462424,0.0059,0.585403,1.399331,0.457672,0.0112,0.45252,1.410907,0.490438,0.0081,0.564815,1.454072,0.21124,0.0045,0.474833,1.451674,0.221893,0.005,0.589922,0.724902,0.0,0.562747,0.745519,-0.000408,0.549754,0.780204,-0.000243,0.546093,0.812461,0.000137,0.545904,0.836261,0.000386,0.559952,0.785227,-0.002781,0.555789,0.819608,-0.004509,0.54959,0.83961,-0.005424,0.544549,0.851567,-0.005521,0.575653,0.791029,-0.002878,0.571167,0.830343,-0.004469,0.562353,0.837828,-0.004701,0.557299,0.832158,-0.004309,0.589037,0.79354,-0.002527,0.583537,0.830587,-0.002917,0.574725,0.834556,-0.001694,0.569851,0.827681,-0.000557,0.598838,0.79415,-0.002027,0.594507,0.824939,-0.001231,0.587416,0.828382,0.001369,0.583793,0.821721,0.003661,0.389426,0.793824,-0.0,0.407454,0.813174,0.001412,0.415007,0.842783,0.000886,0.41556,0.869771,-0.000535,0.415605,0.890125,-0.001446,0.40982,0.845984,-0.000529,0.408751,0.87946,-0.004556,0.408406,0.882732,-0.006878,0.408849,0.878121,-0.007292,0.398217,0.845883,-0.003091,0.396951,0.878575,-0.004656,0.396541,0.880133,-0.0057,0.397219,0.874371,-0.006479,0.385841,0.844549,-0.005574,0.385042,0.875963,-0.00622,0.385026,0.875306,-0.004058,0.386321,0.868344,-0.002774,0.374294,0.842287,-0.007965,0.374314,0.86841,-0.007202,0.375108,0.869414,-0.003731,0.376802,0.864185,-0.001194
72,2.4,0.495806,0.244307,-0.549306,0.9998,0.508652,0.21817,-0.512504,0.9997,0.515835,0.218527,-0.512685,0.9997,0.524141,0.219085,-0.512685,0.9997,0.483006,0.218303,-0.522731,0.9997,0.473109,0.218836,-0.522705,0.9997,0.463659,0.219794,-0.523045,0.9996,0.535907,0.231814,-0.273801,0.9997,0.449651,0.234148,-0.317882,0.9997,0.509892,0.274647,-0.458773,0.9999,0.477107,0.276555,-0.471011,0.9999,0.59693,0.399072,-0.113848,0.9999,0.38789,0.398609,-0.19113,0.9996,0.636828,0.587312,-0.040234,0.9927,0.365929,0.625331,-0.150401,0.9861,0.589371,0.739063,-0.310798,0.9899,0.386552,0.811431,-0.384265,0.9627,0.583971,0.809051,-0.398483,0.9698,0.387459,0.869017,-0.457535,0.9112,0.562757,0.801547,-0.453764,0.971,0.404794,0.86904,-0.52348,0.9165,0.558205,0.78096,-0.338422,0.97,0.408252,0.852336,-0.412657,0.919,0.559942,0.813938,0.019975,0.9917,0.433556,0.822441,-0.018635,0.9901,0.571646,1.115774,0.008828,0.2219,0.437567,1.058123,0.061786,0.0929,0.573019,1.366856,0.434083,0.01,0.451855,1.369421,0.446565,0.007,0.573791,1.405038,0.462669,0.0143,0.448653,1.410817,0.474569,0.0094,0.5598,1.456791,0.213896,0.006,0.472988,1.453403,0.19786,0.0058,0.591067,0.744376,0.0,0.565751,0.764564,-0.000939,0.553857,0.797866,-3e-05,0.551102,0.826512,0.001197,0.552103,0.847727,0.002441,0.5657,0.813758,-0.00124,0.561422,0.846262,-0.002387,0.55547,0.864477,-0.003571,0.550077,0.875059,-0.00391,0.58062,0.817248,-0.000494,0.576771,0.851408,-0.000614,0.568647,0.859855,-0.001166,0.562794,0.85771,-0.001293,0.592606,0.816561,0.000579,0.588347,0.849075,0.001415,0.580444,0.855155,0.002142,0.574794,0.851937,0.002595,0.601215,0.813648,0.001601,0.599058,0.8401,0.002566,0.593287,0.845248,0.004476,0.589281,0.841686,0.006345,,,,,,,,,,,,,,,,,,,,,,,,,,,,,,,,,,,,,,,,,,,,,,,,,,,,,,,,,,,,,,,
73,2.43333,0.496709,0.245065,-0.596747,0.9998,0.509123,0.218861,-0.562534,0.9997,0.516234,0.21914,-0.562704,0.9997,0.524498,0.219579,-0.562721,0.9997,0.483835,0.218997,-0.571791,0.9997,0.473915,0.21946,-0.571779,0.9997,0.464528,0.220359,-0.572081,0.9996,0.535911,0.232147,-0.325184,0.9997,0.449962,0.234354,-0.365803,0.9997,0.510349,0.275203,-0.506231,0.9999,0.478411,0.277057,-0.517596,0.9999,0.597163,0.399905,-0.160535,0.9999,0.387942,0.399753,-0.218323,0.9996,0.63465,0.593554,-0.070093,0.9928,0.365394,0.627556,-0.161575,0.9868,0.590772,0.763667,-0.328104,0.9887,0.380627,0.823221,-0.39404,0.9623,0.588783,0.82957,-0.410597,0.9681,0.380997,0.879014,-0.465824,0.9117,0.570186,0.824688,-0.467992,0.9697,0.396614,0.880591,-0.533558,0.9176,0.565476,0.806507,-0.355967,0.9686,0.400391,0.862925,-0.423334,0.9196,0.558354,0.817167,0.01836,0.9916,0.432637,0.826449,-0.017243,0.9898,0.562071,1.117814,-0.008202,0.2455,0.433035,1.058675,0.00834,0.1123,0.561011,1.367416,0.4181,0.013,0.44292,1.36915,0.349887,0.0095,0.560672,1.40435,0.446138,0.0167,0.440597,1.40769,0.373793,0.0121,0.549764,1.457211,0.199639,0.0072,0.462657,1.453359,0.0944,0.0073,0.594108,0.764764,0.0,0.568898,0.785633,-0.005865,0.557982,0.820857,-0.005871,0.557264,0.85127,-0.004421,0.558198,0.875295,-0.002298,0.576008,0.836481,-0.00398,0.570853,0.870111,-0.005155,0.563884,0.883649,-0.005963,0.558226,0.889269,-0.00598,0.590752,0.838311,-0.000466,0.584534,0.87165,-0.001291,0.5762,0.876544,-0.002443,0.571392,0.871879,-0.00281,0.601764,0.837065,0.002985,0.595655,0.867998,0.002849,0.587561,0.871357,0.002927,0.583322,0.867077,0.003254,0.608853,0.83473,0.00603,0.603432,0.860319,0.005934,0.597265,0.862631,0.00697,0.594159,0.857428,0.008401,0.376194,0.827468,-0.0,0.392772,0.852349,0.003158,0.399034,0.881896,0.003896,0.400664,0.906544,0.003477,0.403224,0.923883,0.003949,0.388092,0.889741,0.004122,0.394376,0.920815,0.001416,0.397554,0.912232,-0.000741,0.395647,0.899914,-0.001275,0.380406,0.887047,0.001558,0.388455,0.914765,0.001196,0.391643,0.907283,0.000136,0.389352,0.89641,-0.000725,0.373034,0.88294,-0.000978,0.381681,0.906996,8.8e-05,0.385571,0.89946,0.002609,0.384482,0.888737,0.003793,0.366607,0.878082,-0.003369,0.373113,0.898408,-0.000304,0.377349,0.893822,0.004134,0.377382,0.885054,0.007032
74,2.46667,0.497283,0.245745,-0.634107,0.9998,0.509547,0.219423,-0.603026,0.9997,0.516687,0.219674,-0.603209,0.9997,0.524916,0.220048,-0.603259,0.9997,0.484509,0.219531,-0.610867,0.9997,0.474693,0.219948,-0.610883,0.9997,0.465367,0.220814,-0.611246,0.9996,0.53611,0.232351,-0.3703,0.9996,0.450383,0.234533,-0.40268,0.9997,0.510701,0.275638,-0.544208,0.9999,0.479126,0.277516,-0.553333,0.9999,0.598708,0.401011,-0.199728,0.9999,0.388094,0.400626,-0.255628,0.9996,0.630705,0.602213,-0.093872,0.9917,0.364623,0.629875,-0.193329,0.9868,0.592248,0.781338,-0.364995,0.9831,0.377443,0.828961,-0.441689,0.958,0.59412,0.848184,-0.448111,0.9579,0.377936,0.885796,-0.516901,0.9043,0.577521,0.845571,-0.504109,0.961,0.392762,0.887366,-0.574779,0.9118,0.571665,0.829559,-0.39306,0.9594,0.396769,0.86858,-0.468586,0.9132,0.556998,0.817971,0.014056,0.9898,0.431555,0.827039,-0.013034,0.9873,0.558616,1.11824,-0.015574,0.262,0.430958,1.057544,0.024709,0.1187,0.560659,1.366617,0.403365,0.0173,0.442641,1.366844,0.485316,0.0119,0.560363,1.403995,0.430925,0.0201,0.440652,1.402483,0.518876,0.0153,0.549744,1.457131,0.172473,0.0096,0.462682,1.452277,0.234468,0.0094,0.593535,0.782076,-0.0,0.605523,0.809843,0.001863,0.607934,0.839829,0.001668,0.606957,0.861489,0.00051,0.605763,0.876903,0.000498,0.59715,0.855433,0.000183,0.589049,0.890988,-0.004628,0.586654,0.884851,-0.007625,0.587846,0.872098,-0.00789,0.586087,0.852718,-0.002279,0.579728,0.886564,-0.004203,0.577982,0.883378,-0.005602,0.58008,0.872617,-0.005843,0.575306,0.84684,-0.004623,0.569887,0.876954,-0.004337,0.570309,0.874863,-0.002324,0.573281,0.866056,-0.000659,0.565811,0.838374,-0.006933,0.561745,0.862122,-0.00455,0.563224,0.861926,-0.000678,0.565864,0.855415,0.002525,0.371892,0.833238,-0.0,0.392161,0.849125,-0.001153,0.397843,0.872707,-0.000419,0.397592,0.895263,0.000188,0.398667,0.911816,0.001504,0.385679,0.893623,0.004005,0.391387,0.922925,0.002944,0.397463,0.92907,0.001207,0.401021,0.928371,0.00077,0.37533,0.895592,0.004115,0.382689,0.92334,0.004994,0.388665,0.927502,0.003638,0.392366,0.925695,0.002697,0.367693,0.894322,0.003729,0.37481,0.920328,0.003982,0.38121,0.923599,0.004164,0.384862,0.920972,0.004461,0.362924,0.891892,0.003177,0.369139,0.914223,0.004142,0.374786,0.918305,0.00618,0.378106,0.915843,0.007967
75,2.5,0.49739,0.246895,-0.695106,0.9998,0.509696,0.220205,-0.664184,0.9997,0.516794,0.220448,-0.664376,0.9997,0.525007,0.220716,-0.664451,0.9997,0.484664,0.220234,-0.671767,0.9997,0.474808,0.220572,-0.67176,0.9997,0.465467,0.221328,-0.672087,0.9996,0.536115,0.23263,-0.422928,0.9996,0.45049,0.234691,-0.454622,0.9997,0.510753,0.27669,-0.601,0.9999,0.479284,0.278548,-0.609945,0.9999,0.598654,0.401043,-0.24036,0.9999,0.388096,0.400793,-0.297467,0.9997,0.624607,0.609133,-0.120048,0.9909,0.363761,0.632228,-0.25207,0.9867,0.594154,0.792036,-0.383491,0.9801,0.374943,0.830116,-0.487985,0.9529,0.597935,0.859313,-0.468853,0.9519,0.375242,0.887348,-0.568902,0.8953,0.581127,0.857864,-0.523561,0.9562,0.389631,0.888319,-0.644343,0.9046,0.574717,0.842617,-0.411686,0.9537,0.393352,0.869208,-0.52198,0.9049,0.555562,0.817725,0.009505,0.9879,0.429422,0.826184,-0.008485,0.9839,0.554981,1.064764,-0.001995,0.3011,0.428434,1.0559,0.163931,0.1406,0.560178,1.365564,0.41847,0.0304,0.442694,1.362038,0.662836,0.0186,0.558881,1.401894,0.446267,0.0299,0.441263,1.396424,0.703785,0.0226,0.550063,1.455634,0.181766,0.0169,0.463571,1.450031,0.42393,0.0148,0.601805,0.801407,0.0,0.57782,0.817995,-0.005101,0.567576,0.846964,-0.005461,0.566158,0.872067,-0.004465,0.568106,0.891727,-0.002663,0.584821,0.87044,-0.004744,0.579754,0.903431,-0.005273,0.573848,0.91826,-0.005681,0.57009,0.927636,-0.005794,0.598195,0.873331,-0.001839,0.592216,0.906256,-0.003117,0.585626,0.905477,-0.003765,0.583988,0.897069,-0.00356,0.608277,0.87259,0.001288,0.602727,0.902405,0.001094,0.596276,0.900179,0.002284,0.594954,0.891477,0.003356,0.614878,0.86987,0.004045,0.610577,0.893963,0.004056,0.606015,0.891593,0.006034,0.605096,0.882493,0.00806,0.370024,0.836236,-0.0,0.390113,0.849108,-0.002688,0.395952,0.872001,-0.002236,0.396468,0.893445,-0.000813,0.396911,0.909337,0.001865,0.379451,0.894949,0.000474,0.383703,0.925607,0.000786,0.392854,0.932585,0.001108,0.399204,0.931281,0.002325,0.369318,0.89536,0.002635,0.374613,0.925889,0.003982,0.384189,0.932479,0.004766,0.391167,0.931473,0.005842,0.363624,0.892991,0.004525,0.369246,0.92017,0.005743,0.377775,0.927607,0.006945,0.384212,0.928193,0.008228,0.361763,0.889624,0.006285,0.36617,0.913438,0.008027,0.37325,0.922939,0.010188,0.379496,0.92506,0.012256
76,2.53333,0.497526,0.248114,-0.70283,0.9998,0.509835,0.221059,-0.671264,0.9997,0.516899,0.22128,-0.671417,0.9997,0.525113,0.221481,-0.671473,0.9997,0.484831,0.221038,-0.6799,0.9997,0.474932,0.221312,-0.679919,0.9997,0.465618,0.221969,-0.680231,0.9997,0.536124,0.23289,-0.429548,0.9996,0.45065,0.234931,-0.467407,0.9997,0.510813,0.277564,-0.609124,0.9999,0.479405,0.279463,-0.619677,0.9999,0.598089,0.400948,-0.247253,0.9999,0.388141,0.400722,-0.311877,0.9997,0.618299,0.614651,-0.12727,0.9904,0.36299,0.63311,-0.274302,0.987,0.595904,0.80408,-0.375799,0.9782,0.371741,0.834174,-0.509758,0.9511,0.60005,0.870409,-0.457786,0.9484,0.37186,0.89011,-0.587919,0.8923,0.583073,0.870462,-0.519421,0.9534,0.385984,0.890779,-0.660413,0.9024,0.576823,0.854127,-0.405638,0.9504,0.389504,0.871709,-0.541912,0.902,0.553603,0.816955,0.008846,0.9872,0.427805,0.825634,-0.007886,0.9827,0.549791,1.055631,0.006875,0.3331,0.422482,1.056383,0.148891,0.1605,0.551932,1.36533,0.419461,0.0398,0.438316,1.358503,0.584902,0.0236,0.549646,1.399839,0.448964,0.0372,0.437787,1.391706,0.620533,0.0282,0.543872,1.455095,0.194758,0.0216,0.458289,1.448012,0.342387,0.0183,0.602009,0.814455,0.0,0.581333,0.831064,-0.000873,0.571932,0.858421,0.000461,0.569441,0.880874,0.002129,0.570235,0.898137,0.004537,0.586058,0.884548,0.001987,0.582144,0.913837,0.002706,0.578605,0.928315,0.002769,0.576006,0.938185,0.00294,0.59805,0.885961,0.00294,0.593595,0.913935,0.00389,0.587736,0.924514,0.004173,0.583061,0.930319,0.004392,0.60791,0.884827,0.003946,0.603248,0.91028,0.005307,0.597089,0.917068,0.007128,0.592699,0.918978,0.008351,0.61501,0.882211,0.004709,0.611046,0.904255,0.006603,0.605487,0.910664,0.009407,0.601259,0.911293,0.011823,0.367519,0.838378,-0.0,0.386441,0.851002,-0.003889,0.39342,0.874589,-0.003161,0.395216,0.895661,-0.001324,0.39523,0.910156,0.001778,0.374454,0.895581,-1.1e-05,0.381529,0.925787,-9.4e-05,0.390949,0.933018,-0.000259,0.397858,0.932744,0.000527,0.366463,0.89734,0.002658,0.373425,0.928038,0.003251,0.384569,0.93446,0.002941,0.393425,0.933029,0.003354,0.362675,0.896697,0.004888,0.368757,0.924999,0.004847,0.378825,0.931894,0.003767,0.387185,0.931843,0.003667,0.362165,0.895335,0.006975,0.366147,0.918691,0.007233,0.372961,0.928137,0.00726,0.379858,0.930649,0.007835
77,2.56667,0.497266,0.248848,-0.698973,0.9998,0.509824,0.221627,-0.66847,0.9997,0.516895,0.221925,-0.668602,0.9997,0.525111,0.222162,-0.66866,0.9997,0.484784,0.221394,-0.675329,0.9997,0.474897,0.221595,-0.675351,0.9997,0.465597,0.222152,-0.675654,0.9997,0.53616,0.233437,-0.433219,0.9996,0.450682,0.234946,-0.462688,0.9997,0.510586,0.278197,-0.607787,0.9999,0.479086,0.279922,-0.615993,0.9999,0.598711,0.401194,-0.255661,0.9999,0.388157,0.400683,-0.309356,0.9997,0.619853,0.619297,-0.133965,0.9903,0.361639,0.632751,-0.267497,0.9873,0.599841,0.812348,-0.367305,0.9768,0.367993,0.832267,-0.509458,0.9502,0.603548,0.877661,-0.446695,0.9458,0.368235,0.888049,-0.585462,0.891,0.586903,0.878294,-0.509054,0.9514,0.382645,0.888795,-0.651921,0.9018,0.581121,0.860915,-0.396679,0.9482,0.386148,0.86975,-0.538158,0.9006,0.553621,0.816733,0.008204,0.9871,0.426935,0.825176,-0.007301,0.9824,0.547814,1.055868,0.007443,0.3592,0.416612,1.057139,0.133057,0.1782,0.545742,1.364961,0.446683,0.0458,0.431638,1.356167,0.562023,0.0273,0.543308,1.39794,0.479824,0.0425,0.43186,1.389043,0.597193,0.0322,0.536894,1.454644,0.223651,0.0249,0.449828,1.446762,0.320236,0.0207,0.606257,0.82315,0.0,0.587069,0.838221,-0.003603,0.574532,0.862734,-0.003208,0.569311,0.88497,-0.001895,0.569789,0.902964,0.000414,0.589318,0.885215,0.000107,0.584445,0.916617,-0.00027,0.580085,0.930748,-0.000554,0.576562,0.940847,-0.000427,0.599473,0.887902,0.002029,0.593668,0.916662,0.001358,0.587875,0.931373,0.000442,0.58269,0.942418,0.000169,0.608012,0.888054,0.003673,0.603033,0.912829,0.003144,0.597526,0.924874,0.003612,0.592994,0.933397,0.004298,0.614758,0.886893,0.004934,0.611092,0.907284,0.004894,0.606714,0.917058,0.006355,0.602159,0.923379,0.008057,0.36585,0.835937,-0.0,0.382695,0.848761,-0.003615,0.389948,0.871124,-0.004517,0.39373,0.890986,-0.005162,0.396161,0.906342,-0.004628,0.372207,0.891124,-0.000203,0.378343,0.920083,-0.004175,0.388289,0.930075,-0.007095,0.396219,0.932542,-0.00801,0.365725,0.89344,0.000103,0.371465,0.924391,-0.003676,0.383229,0.932681,-0.005746,0.392452,0.932547,-0.00601,0.362654,0.894431,-0.000377,0.367508,0.923848,-0.003718,0.378159,0.932105,-0.004598,0.386924,0.932532,-0.003884,0.362565,0.89425,-0.001197,0.366031,0.919345,-0.002981,0.373193,0.929685,-0.002709,0.380444,0.932664,-0.001573
